,title,link
0,Changmo - Meteor Lyrics [Han/Rom/Eng],https://youtube.com/watch?v=PU3c8CYxyb4
0,ZICO (ì§€ì½”) - 'ANY SONG' (ì•„ë¬´ë…¸ë˜) Lyrics [Color Coded_Han_Rom_Eng],https://youtube.com/watch?v=7VgbhW_vEHQ
0,"ì•„ë§ˆë‘ (Feat. ìš°ì›ì¬, ê¹€íš¨ì€, ë„‰ì‚´, Huckleberry P) - ë‹¤ëª¨ì„ [DF LIVE] / ì—¼ë”° ë”¥í”Œë¡œìš° íŒ”ë¡œì•Œí†  ì‚¬ì´ë¨¼ë„ë¯¸ë‹‰ ë”ì½°ì´ì—‡",https://youtube.com/watch?v=LHUAmHYOXFM
0,ì°½ëª¨ (CHANGMO) - ë¹Œì—ˆì–´ [Boyhood]ã…£Lyrics/ê°€ì‚¬,https://youtube.com/watch?v=QIlzgNozXKw
0,"MCëª½ - ì¸ê¸° (Feat. ì†¡ê°€ì¸, ì±ˆìŠ¬ëŸ¬) [CHANNEL 8]â”‚ê°€ì‚¬, Lyrics",https://youtube.com/watch?v=Q-BaQGc5C9s
0,"ì°½ëª¨ (CHANGMO), í•´ì‰¬ìŠ¤ì™„ (Hash Swan), ì• ì‰¬ ì•„ì¼ëœë“œ (ASH ISLAND), ê¹€íš¨ì€ - BANDã…£Lyrics/ê°€ì‚¬",https://youtube.com/watch?v=noIUyh-n_Ek
0,BTS BLACK SWAN Lyrics (ë°©íƒ„ì†Œë…„ë‹¨ BLACK SWAN ê°€ì‚¬) [Color Coded Lyrics/Han/Rom/Eng],https://youtube.com/watch?v=_36O75VSuLY
0,BTS (ë°©íƒ„ì†Œë…„ë‹¨) 'Spring Day' (ë´„ë‚ ) ğŸŒ¸ Lyrics [Color Coded Han_Rom_Eng],https://youtube.com/watch?v=H2HQWHKDREI
0,BTS (ë°©íƒ„ì†Œë…„ë‹¨) - IDOL (Color Coded Lyrics Eng/Rom/Han/ê°€ì‚¬),https://youtube.com/watch?v=vgJeQvGYYpk
0,"ë‹¬ë ¤ (RUN DAMOIM) - ì—¼ë”°,Â ë”¥í”Œë¡œìš°,Â íŒ”ë¡œì•Œí†  (Paloalto),Â The Quiett,Â ì‚¬ì´ë¨¼ ë„ë¯¸ë‹‰ | ê°€ì‚¬ (Lyrics)",https://youtube.com/watch?v=SEmQfzXRn6s
0,"ë‹¤ëª¨ì„ - ì¤‘2ë³‘ (ì—¼ë”°, ë” ì½°ì´ì—‡, ì‚¬ì´ë¨¼ ë„ë¯¸ë‹‰, íŒ”ë¡œì•Œí† , ë”¥í”Œë¡œìš°) [Dingo X DAMOIM Part 3]ã…£Lyrics/ê°€ì‚¬",https://youtube.com/watch?v=rUuoEDTrWrc
0,"ì—¼ë”° - Amanda (Feat. Simon Dominic) (Prod. by UNTITLEDS) [Amanda]â”‚ê°€ì‚¬, Lyrics",https://youtube.com/watch?v=2lAIto9Q8cs
0,MC MONG (MCëª½) - Chanel (ìƒ¤ë„¬) Feat. Park Bom (ë°•ë´„) (Color Coded Lyrics Eng/Rom/Han/ê°€ì‚¬),https://youtube.com/watch?v=pZ08s82iCg4
0,pH-1 - Nerdy Love (Feat. ë°±ì˜ˆë¦°) (Prod. Mokyo)ã…£Lyrics/ê°€ì‚¬,https://youtube.com/watch?v=IZ8znmrp24c
0,BTS - Make It Right [Color Coded Lyrics/Han/Rom/Eng/ê°€ì‚¬],https://youtube.com/watch?v=F2mbAkat5n8
0,BTS - Dionysus (ë°©íƒ„ì†Œë…„ë‹¨ - Dionysus) [Color Coded Lyrics/Han/Rom/Eng/ê°€ì‚¬],https://youtube.com/watch?v=YmimK6HxqK4
0,ìš°ë”” (Woody) - ì§€êµ¬ëŠ” ë©¸ë§í•˜ì§€ ì•Šì•„ / ê°€ì‚¬,https://youtube.com/watch?v=wvXLtPtVCUY
0,"ì§€ì½” (ZICO) - ì²œë‘¥ë²Œê±°ìˆ­ì´ (Feat. Jvcki Wai, ì—¼ë”°) [THINKING Part.1]ã…£Lyrics/ê°€ì‚¬",https://youtube.com/watch?v=8BWi8kGSr8o
0,ë¹ˆì²¸ (VINXEN) - í…… (Feat.ê¹€í•˜ì˜¨ (HAON))ã…£Lyrics/ê°€ì‚¬,https://youtube.com/watch?v=5DWuy7ufuO8
0,"ê¸°ë¦¬ë³´ì´ (Giriboy) - ì•„í¼ (Feat. Kid Milli, Lil tachi, ê¹€ìŠ¹ë¯¼, NO:EL, C JAMM)ã…£Lyrics/ê°€ì‚¬",https://youtube.com/watch?v=4-7NL5DcLWs
0,ì°½ëª¨ (CHANGMO) - REMEDY (Feat. ì²­í•˜) [Boyhood]ã…£Lyrics/ê°€ì‚¬,https://youtube.com/watch?v=hpYGJJtUEUs
0,ì°½ëª¨ (CHANGMO) - ì•„ë¦„ë‹¤ì›Œ (Beautiful) ê°€ì‚¬ã…£Lyricã…£smay,https://youtube.com/watch?v=1R8SRb9LtlI
0,ê¸°ë¦¬ë³´ì´ (GIRIBOY) - í˜¸ë‘ì´ì†Œêµ´ (Feat. Jvcki Wai)ã…£Lyrics/ê°€ì‚¬,https://youtube.com/watch?v=XyuQREKKgM0
0,ì°½ëª¨ (CHANGMO) - Selfmade Orange (Feat. SUPERBEE) [ë‹¿ëŠ” ìˆœê°„]ã…£Lyrics/ê°€ì‚¬,https://youtube.com/watch?v=BlpGB8yvIL0
0,Ash Island ì• ì‰¬ì•„ì¼ëœë“œ - Paranoid ê°€ì‚¬ Han|Rom|Eng,https://youtube.com/watch?v=0paZGqbRfDQ
0,ì§€ì½” (ZICO) - ì‚¬ëŒ [THINKING Part.1]ã…£Lyrics/ê°€ì‚¬,https://youtube.com/watch?v=O_ocTM0t-m0
0,"ìŠ¤ìœ™ìŠ¤, í‚¤ë“œë°€ë¦¬, ë§¤ë“œí´ë¼ìš´ - ë‹´ì•„ (Feat. ì—¼ë”°, pH-1) (Prod. BOYCOLD) [ì‡¼ë¯¸ë”ë¨¸ë‹ˆ 8 Episode 1]ã…£Lyrics/ê°€ì‚¬",https://youtube.com/watch?v=YQS5GPZkfQw
0,BewhY (ë¹„ì™€ì´) - ê°€ë¼ì‚¬ëŒ€ [The Movie Star - Track #11]ã…£Lyrics/ê°€ì‚¬,https://youtube.com/watch?v=XI2bOBqkShM
0,ë‚´ ìƒì•  ê°€ì¥ í–‰ë³µí•œ ì‹œê°„ Part.2 (The happiest time of my life Part.2)(Feat. ì–‘ë‹¤ì¼ Yang Da Il) - MCëª½ | ê°€ì‚¬(Lyrics),https://youtube.com/watch?v=yZRm6WbY9SQ
0,ë‹¤ì´ë‚˜ë¯¹ ë“€ì˜¤ - ë§µê³ ì§œê³ ë‹¨ê±° (Feat. í˜ë…¸ë©”ì½”) [OFF DUTY]ã…£Lyrics/ê°€ì‚¬,https://youtube.com/watch?v=-DDJKzEvxUU
0,ìš°ë”” [Woody] - ì´ ë…¸ë˜ê°€ í´ëŸ½ì—ì„œ ë‚˜ì˜¨ë‹¤ë©´ [Fire Up] ê°€ì‚¬ / Lyrics [Han|Rom|Eng],https://youtube.com/watch?v=zOWq1GAnvuM
0,BLACKPINK - Kill This Love (Lyrics),https://youtube.com/watch?v=OkmVcYtCqjw
0,ì—¼ë”°(Yumdda) - ëˆ Call Me (Prod. by BRLLNT)ã…£Lyrics/ê°€ì‚¬,https://youtube.com/watch?v=bdgM8A-ygLU
0,"ì°½ëª¨ (CHANGMO), í•´ì‰¬ìŠ¤ì™„, ASH ISLAND, ê¹€íš¨ì€, ë¦´ëŸ¬ë§ì¦ˆ, ë” ì½°ì´ì—‡ (The Quiett) - ë¹„ì›Œ (Beer)(Prod. Way Ched)â”‚ê°€ì‚¬, Lyrics",https://youtube.com/watch?v=8PSqXsfg0qA
0,"pH-1, Kid Milli, ë£¨í”¼(Loopy) - Good Day (Feat. íŒ”ë¡œì•Œí† ) (Prod. ì½”ë“œ ì¿¤ìŠ¤íŠ¸) ê°€ì‚¬",https://youtube.com/watch?v=G9crpffgwx0
0,"ì¬í‚¤ì™€ì´ (Jvcki Wai), ì˜ë¹„ (Young B), ì˜¤ì…˜ê²€ (Osshun Gum), í•œìš”í•œ - ëµ (Prod. By ê¸°ë¦¬ë³´ì´)ã…£Lyrics/ê°€ì‚¬",https://youtube.com/watch?v=wP0d_S_yUAM
0,BTS (ë°©íƒ„ì†Œë…„ë‹¨) - 'DNA'  (Color Coded Han|Rom|Eng Lyrics),https://youtube.com/watch?v=pfLIis1WtOY
0,BLACKPINK - 'DDU-DU DDU-DU' LYRICS (Color Coded Eng / Rom / Han),https://youtube.com/watch?v=RMc9qFrCqno
0,show me the money6 [MV] ìš°ì›ì¬ - ì‹œì°¨ (feat. ë¡œê¼¬&ê·¸ë ˆì´) 170901 EP.10,https://youtube.com/watch?v=vdwEE1mwjOo
0,BTS (ë°©íƒ„ì†Œë…„ë‹¨) - FAKE LOVE (Color Coded Lyrics Eng/Rom/Han),https://youtube.com/watch?v=i4JGSpVBEJU
0,ì°½ëª¨(CHANGMO) - ë§ˆì—ìŠ¤íŠ¸ë¡œ (Maestro) | ê°€ì‚¬ (Synced Lyrics),https://youtube.com/watch?v=SBbxlYGS0Us
0,ë‹¤ì´ë‚˜ë¯¹ ë“€ì˜¤ X ì²¸(CHEN) - í˜¼ì / ê°€ì‚¬,https://youtube.com/watch?v=dPw-C2VV8kw
0,ê¸°ë¦¬ë³´ì´ (Giriboy) - ì„ (Feat. BlG Naughty (ì„œë™í˜„))ã…£Lyrics/ê°€ì‚¬,https://youtube.com/watch?v=tVHxu5JT_og
0,JENNIE (BLACKPINK) - SOLO (Color Coded Lyrics Eng/Rom/Han),https://youtube.com/watch?v=7ML9H1-GE5E
0,ê¸°ë¦¬ë³´ì´ (Giriboy) - ì™€ì¸ ë¡± (Feat. YUNHWAY) [ì¹˜ëª…ì ì¸ ì•¨ë²” â…¢]ã…£Lyrics/ê°€ì‚¬,https://youtube.com/watch?v=i_BAYVk6eIg
0,"ê¸°ë¦¬ë³´ì´ & Kid Milli & NO EL & ìŠ¤ìœ™ìŠ¤ - flex (Prod. by ê¸°ë¦¬ë³´ì´) [Dingo X Indigo Music]â”‚ê°€ì‚¬, Lyrics",https://youtube.com/watch?v=2kj-78NZRKk
0,Y (Please Tell Me Why) - í”„ë¦¬ìŠ¤íƒ€ì¼ ê°€ì‚¬(LYRICS) [ì˜¤ëŠ˜ë„ ë…¸ë˜ í•œ ê³¡?],https://youtube.com/watch?v=HN7JjTGtJBQ
0,ê¸°ë¦¬ë³´ì´ (Giriboy) - êµí†µì •ë¦¬ (Feat. í—¤ì´ì¦ˆ)ã…£Lyrics/ê°€ì‚¬,https://youtube.com/watch?v=pXAmlIF3gpw
0,"ë¦´íƒ€ì¹˜, í˜¸ì¹˜í‚¤ìŠ¤ - ëˆˆ (Prod. ê¸°ë¦¬ë³´ì´) [ê³ ë“±ë˜í¼ 3]ã…£Lyrics/ê°€ì‚¬",https://youtube.com/watch?v=u9Hr8g7cKzc
0,iKON (ì•„ì´ì½˜) - Love Scenario (ì‚¬ë‘ì„ í–ˆë‹¤) (Color Coded Lyrics Eng/Rom/Han),https://youtube.com/watch?v=8pahVbnQhfA
0,"ì—¼ë”°, ë”¥í”Œë¡œìš°, íŒ”ë¡œì•Œí† , ë” ì½°ì´ì—‡, ì‚¬ì´ë¨¼ ë„ë¯¸ë‹‰ - Forever 84 [Dingo X DAMOIM Part 1]ã…£Lyrics/ê°€ì‚¬",https://youtube.com/watch?v=ANQRWfbxkXY
0,BTS (ë°©íƒ„ì†Œë…„ë‹¨) - HOME (Color Coded Lyrics Eng/Rom/Han/ê°€ì‚¬),https://youtube.com/watch?v=v2AT7oSGZbQ
0,(G)I-DLE (ì—¬ìì•„ì´ë“¤) - 'UH-OH' Lyrics [Color Coded_Han_Rom_Eng],https://youtube.com/watch?v=jgmgx-Yn54c
0,"ê¸°ë¦¬ë³´ì´ - ì œì„¤ [ì¹˜ëª…ì ì¸ ì•¨ë²” â…¢]â”‚ê°€ì‚¬, Lyrics",https://youtube.com/watch?v=KSiVi_iKJ4w
0,ëŒ€ì¶© ì…ê³  ë‚˜ì™€ - ìš°ë””(Woody)  ê°€ì‚¬,https://youtube.com/watch?v=WDj9htxKdQc
0,ì°½ëª¨ (CHANGMO) - ì•„ì´ì•¼ (Feat.Beenzino) lyrics. ê°€ì‚¬,https://youtube.com/watch?v=hvLNddzOO0M
0,"JUSTHIS ì €ìŠ¤ë””ìŠ¤, Kid Milli í‚¤ë“œë°€ë¦¬, NO:EL ë…¸ì—˜ ,Yang Hongwon ì–‘í™ì› - IndiGO ì¸ë””ê³  ê°€ì‚¬ Color Coded Han|Rom|Eng",https://youtube.com/watch?v=zfNoXkKefLI
0,ì§€ì½” (ZICO) - ë‚¨ê²¨ì§ì— ëŒ€í•´ (Feat. ë‹¤ìš´) [THINKING Part.2]ã…£Lyrics/ê°€ì‚¬,https://youtube.com/watch?v=FJ52Hq9RZMk
0,"ê¸°ë¦¬ë³´ì´ (GIRIBOY) - ì•„í¼ (Band Ver.) (Feat. ì˜ë¹„, YUNHWAY, Lil tachi, í•œìš”í•œ, JUSTHIS, ìŠ¤ìœ™ìŠ¤)ã…£Lyrics/ê°€ì‚¬",https://youtube.com/watch?v=_5u1i9dgLnw
0,"ë¦´ëŸ¬ë§ì¦ˆ(Leellamarz)-ì•¼ë§ (Feat. ì°½ëª¨ (CHANGMO), ì• ì‰¬ ì•„ì¼ëœë“œ (ASH ISLAND), í•´ì‰¬ìŠ¤ì™„ (HASH SWAN), ê¹€íš¨ì€ (ê°€ì‚¬â”‚Lyrics)",https://youtube.com/watch?v=jBLc76LpfLs
0,Ash Island (ì• ì‰¬ ì•„ì¼ëœë“œ) - Empty Head Lyrics/ê°€ì‚¬ ã€ŒHan|Rom|Engã€,https://youtube.com/watch?v=9wcaSkGENOs
0,"ê°€ì‚¬ / ë¦¬ìŒ(LeeSSang) - í—¤ì–´ì§€ì§€ ëª»í•˜ëŠ” ì—¬ì, ë– ë‚˜ê°€ì§€ ëª»í•˜ëŠ” ë‚¨ì(Feat.ì •ì¸)",https://youtube.com/watch?v=V1Npd6oTuvs
0,BTS (ë°©íƒ„ì†Œë…„ë‹¨) - Undelivered Truth (ì „í•˜ì§€ ëª»í•œ ì§„ì‹¬) (Feat. Steve Aoki)  (Color Coded Lyrics Han/Rom/Eng),https://youtube.com/watch?v=CCsZVW1Y1GM
0,[ê°€ì‚¬/lyrics] ê¹€í•˜ì˜¨(HAON)-ë¶•ë¶• (feat.ì‹ì¼€ì´ Sik-K)(Prod.GroovyRoom),https://youtube.com/watch?v=15k1g5MPrM0
0,Epik High ì—í”½í•˜ì´ - 'Lovedrunk ft Crush (ìˆ ì´ ë‹¬ë‹¤ ft í¬ëŸ¬ì‰¬)' LYRICS (Color Coded ENG/ROM/HAN),https://youtube.com/watch?v=KZztQRgbaXA
0,ì°½ëª¨ (CHANGMO) - ë” ìœ„ë¡œ [Boyhood]ã…£Lyrics/ê°€ì‚¬,https://youtube.com/watch?v=s1selUEn7D8
0,MINO (ì†¡ë¯¼í˜¸) - FIANCÃ‰ (ì•„ë‚™ë„¤) (Color Coded Lyrics Han|Rom|Eng),https://youtube.com/watch?v=H372U4KnPf4
0,ë¸”ë£¨ (BLOO) - Downtown Baby [Downtown Baby]ã…£Lyrics/ê°€ì‚¬,https://youtube.com/watch?v=Ryqe-s6BJ3M
0,ì˜¤ë°˜ (OVAN) - í–‰ë³µ ê°€ì‚¬,https://youtube.com/watch?v=YTzBBM54ObM
0,MCëª½ - ë‚´ ìƒì•  ê°€ì¥ í–‰ë³µí•œ ì‹œê°„ (Feat. í—ˆê°) / ê°€ì‚¬,https://youtube.com/watch?v=a2YHVm393Us
0,"[REUPLOAD] Heize (í—¤ì´ì¦ˆ) - And July (Feat. DEAN, DJ Friz) [Colour Coded Lyrics Han/Rom/Eng]",https://youtube.com/watch?v=Y_srPMPo918
0,ì‹¸ì´(PSY) - ì–´ë• ì„ê¹Œ (Feat. ë°•ì •í˜„) [ê°€ì‚¬/Lyrics],https://youtube.com/watch?v=_w6RRuEEv7s
0,í€ì¹˜ë„¬ë¡œ (punchnello) - ë‚™ì„œ (Feat. ë°±ì˜ˆë¦°) (Prod. by WOOGIE) | ê°€ì‚¬,https://youtube.com/watch?v=Yg-RiZQNho8
0,BTS (ë°©íƒ„ì†Œë…„ë‹¨) - I'm Fine (Color Coded Lyrics Eng/Rom/Han/ê°€ì‚¬),https://youtube.com/watch?v=tGVjM8b3Xwo
0,í”„ë¦¬ìŠ¤íƒ€ì¼_ìˆ˜ì·¨ì¸ë¶ˆëª… [ê°€ì‚¬],https://youtube.com/watch?v=aGQyJWj4I1A
0,"ë¸”ë™ë„› (Black Nut), í•œìš”í•œ, ìŠ¤ìœ™ìŠ¤ (Swings) - ê·¸ë¼íƒ€íƒ€ [Cumpilation]â”‚ê°€ì‚¬, Lyrics",https://youtube.com/watch?v=xIzQpDRkD5c
0,BTS (ë°©íƒ„ì†Œë…„ë‹¨) 'Answer : Love Myself' (Color Coded Lyrics),https://youtube.com/watch?v=o_SYttJm0SE
0,BTS - Blood Sweat & Tears (ë°©íƒ„ì†Œë…„ë‹¨ - í”¼ ë•€ ëˆˆë¬¼) [Color Coded Lyrics/Han/Rom/Eng/ê°€ì‚¬],https://youtube.com/watch?v=b23_UkBrrQk
0,ì°½ëª¨ (CHANGMO) - ì„¸ë ˆë‚˜ë° [Boyhood]ã…£Lyrics/ê°€ì‚¬,https://youtube.com/watch?v=E6cJTS5HvSI
0,BTS Jungkook Euphoria lyrics[color lyrics],https://youtube.com/watch?v=5BdSZkY6F4M
0,"ê¸°ë¦¬ë³´ì´ (Giriboy)  - ê±°ì§€ (Feat. YUNHWAY, Jhnovr, JUSTHIS) [ì¹˜ëª…ì ì¸ ì•¨ë²” â…¢]ã…£Lyrics/ê°€ì‚¬",https://youtube.com/watch?v=4-0KGd-mQdc
0,ë¡œê¼¬(Loco) - ì‹œê°„ì´ë“¤ê² ì§€(It Takes Time)(Feat. Colde) ê°€ì‚¬ã…£Lyricsã…£smay,https://youtube.com/watch?v=9vspsjrkE18
0,ê¸°ë¦¬ë³´ì´ (Giriboy) - ì´í˜¼ì„œë¥˜ (Prod. By Minit)ã…£Lyrics/ê°€ì‚¬,https://youtube.com/watch?v=ysYsSyer2T4
0,ì˜¨ë„ (Temperature) (Feat. ìˆ˜ë€ SURAN) - MCëª½ | ê°€ì‚¬ (Lyrics),https://youtube.com/watch?v=5o8C8WgyuYQ
0,MCëª½ - ì£½ì„ ë§Œí¼ ì•„íŒŒì„œ (Sick Enough To Die) Feat.Mellow ê°€ì‚¬,https://youtube.com/watch?v=FG1zUHK5Szs
0,[Han/Eng] Trip - Leellamarz feat. Hannah | ENG LYRICS Translation,https://youtube.com/watch?v=uPOdWczJGUI
0,"ë¦´íƒ€ì¹˜ (Lil tachi), ì˜ë¹„, ìœ¤í›¼ì´ (YUNHWAY), ì €ìŠ¤ë””ìŠ¤ (JUSTHIS) - ë‚˜ìœë§› [Cumpilation]â”‚ê°€ì‚¬, Lyrics",https://youtube.com/watch?v=xmGKCLZ_OJc
0,ì£½ì¼ ë†ˆ (Guilty) - ë‹¤ì´ë‚˜ë¯¹ ë“€ì˜¤ (ê°€ì‚¬),https://youtube.com/watch?v=Q5_x3Gwdirw
0,BTS (ë°©íƒ„ì†Œë…„ë‹¨) -  I NEED U [Color Coded Lyrics] Han|Rom|Eng,https://youtube.com/watch?v=Ri8Z6nIPvq8
0,í—¤ì´ì¦ˆ (HEIZE)ï¼ã€Œë„ ë„ˆë¬´ ëª¨ë¥´ê³  DON'T KNOW YOUã€ [LYRICS] ê°€ì‚¬ í•œêµ­ì–´,https://youtube.com/watch?v=IXg0Vml5REQ
0,"ì„œë™í˜„(BIG Naughty) - ë¬¸ì œ (Feat.ì¿ ê¸°(Coogie) [ì‡¼ë¯¸ë”ë¨¸ë‹ˆ 8 Episode 4]â”‚ê°€ì‚¬, Lyrics",https://youtube.com/watch?v=yNzsgTKFWcQ
0,YUMDDA (ì—¼ë”°) - zoom [Lyrics/ê°€ì‚¬ë²„ì „],https://youtube.com/watch?v=J_q0Hyo_g5g
0,í”„ë¼ì´ë¨¸ë¦¬(Primary) - ìë‹ˆ(Johnny)(Feat. ë‹¤ì´ë‚˜ë¯¹ ë“€ì˜¤ (Dynamic Duo)) ê°€ì‚¬ã…£Lyricã…£smay,https://youtube.com/watch?v=YE9KtT6pgcE
0,MCëª½_ë„ˆì—ê²Œ ì“°ëŠ” í¸ì§€(feat.ë¦°) [ê°€ì‚¬],https://youtube.com/watch?v=nE0_CWREskg
0,"ë¦´ëŸ¬ë§ì¦ˆ (Leellamarz) - ë°©ì— í˜¼ì ìˆì„ ë•Œ (Feat. CHANGMO, ASH ISLAND) [VIOLINIST]ã…£Lyrics/ê°€ì‚¬",https://youtube.com/watch?v=gKMN9QzCKKI
0,ì§€ì½”(ZICO) - Boys And Girls(ë³´ì´ì¦ˆì•¤ê±¸ìŠ¤)(Feat. Babylon) ê°€ì‚¬ã…£Lyricã…£smay,https://youtube.com/watch?v=Rw-XAqV7bL4
0,"ìš°ë”” ê³ ì°¨ì¼ë“œ, ìµœì—˜ë¹„, ì„œë™í˜„, ì˜ë¹„, ì¹ ë¦°í˜¸ë¯¸ - ë°”ë‹¤ (Feat. ê¸°ë¦¬ë³´ì´) (Prod. ê¸°ë¦¬ë³´ì´) [ì‡¼ë¯¸ë”ë¨¸ë‹ˆ 8 Episode 2]ã…£Lyrics/ê°€ì‚¬",https://youtube.com/watch?v=8nmaFs2D9Gg
0,[ê°€ì‚¬] ì°½ëª¨(CHANGMO) - ìœ„ì—… (Feat. Okasian & Uneducated Kid),https://youtube.com/watch?v=qvJKbg7nZ3c
0,IMJMWDP - IMJMWDP ê°€ì‚¬ Color Coded Lyrics Han|Rom|Eng,https://youtube.com/watch?v=swEyf7noXzQ
0,Epik High ft. Younha- ìš°ì‚° (Umbrella) lyrics [Eng. | Rom. | Han.],https://youtube.com/watch?v=n9UDLRW2C1Q
0,BTS (ë°©íƒ„ì†Œë…„ë‹¨) - ON (Color Coded Lyrics Eng/Rom/Han/ê°€ì‚¬),https://youtube.com/watch?v=VnWo9-Dioik
0,BTS (ë°©íƒ„ì†Œë…„ë‹¨) - 00:00 (Zero O'Clock) (Color Coded Lyrics Eng/Rom/Han/ê°€ì‚¬),https://youtube.com/watch?v=sBWesVezIrc
0,BTS Friends Lyrics (ë°©íƒ„ì†Œë…„ë‹¨ ì¹œêµ¬ ê°€ì‚¬) [Color Coded Lyrics/Han/Rom/Eng],https://youtube.com/watch?v=7C0W70FgeWo
0,BTS JIMIN - 'FILTER' Lyrics [Color Coded_Han_Rom_Eng],https://youtube.com/watch?v=XhQAAdoTdgw
0,"Jungkook (BTS) ""My Time (ì‹œì°¨)"" Lyrics",https://youtube.com/watch?v=VTh7DIOfd1w
0,BTS Moon Lyrics (ë°©íƒ„ì†Œë…„ë‹¨ Moon ê°€ì‚¬) [Color Coded Lyrics/Han/Rom/Eng],https://youtube.com/watch?v=wd2qbIh6wYQ
0,BTS (ë°©íƒ„ì†Œë…„ë‹¨) - Inner Child (Color Coded Lyrics Eng/Rom/Han/ê°€ì‚¬),https://youtube.com/watch?v=f_YO7BBOTSk
0,BTS (ë°©íƒ„ì†Œë…„ë‹¨) - UGH! (ìš±) (Color Coded Lyrics Eng/Rom/Han/ê°€ì‚¬),https://youtube.com/watch?v=y-0QlQH5d3Y
0,BTS - Louder than bombs (w/Troye Sivan) (Color Coded Lyrics Eng/Rom/Han/ê°€ì‚¬),https://youtube.com/watch?v=7HM3jYptRDg
0,BTS We are Bulletproof : the Eternal Lyrics (ë°©íƒ„ì†Œë…„ë‹¨) [Color Coded Lyrics/Han/Rom/Eng],https://youtube.com/watch?v=d-Fb38_xMOY
0,BTS SUGA Interlude : Shadow (Full Length Edition) Lyrics [Color Coded Lyrics/Han/Rom/Eng/ê°€ì‚¬],https://youtube.com/watch?v=Tw5hSRabTyo
0,"BTS RM, SUGA - 'RESPECT' Lyrics [Color Coded_Han_Rom_Eng]",https://youtube.com/watch?v=PGlNNesooys
0,BTS J-HOPE - Outro : Ego (Color Coded Lyrics Eng/Rom/Han/ê°€ì‚¬),https://youtube.com/watch?v=-1CvYPEwqbg
0,í•œìš”í•œ - ë°˜ë³µã…£Lyrics/ê°€ì‚¬,https://youtube.com/watch?v=xXFCIHGiCRM
0,"ë²¤,CSP-ë³´í†µì˜ ì—°ì• (ê°€ì‚¬)",https://youtube.com/watch?v=FNJ5Y1I8cqM
0,"ì°½ëª¨ (CHANGMO), ASH ISLAND, ì •ê¸°ê³  - PAY DAY (Prod. By GRAY)ã…£Lyrics/ê°€ì‚¬",https://youtube.com/watch?v=-zXbGWGaRrg
0,"HASH SWAN (í•´ì‰¬ìŠ¤ì™„) - ""TEENAGE IN CLOSET"" ft. JAMIE (ë°•ì§€ë¯¼)(Color Coded Lyrics Han/Rom/Eng/ê°€ì‚¬)(vostfr cc)",https://youtube.com/watch?v=2cfHs8qIU4Q
0,Yuju (ìœ ì£¼) & Loco (ë¡œê¼¬) - Spring is gone by the chance (ìš°ì—°íˆ ë´„) [Han/Rom/Eng lyrics],https://youtube.com/watch?v=9BJTZmmK62Y
0,âšœë°œë ˆë¦¬ë…¸  - ë¦¬ìŒ -  (ê°€ì‚¬æœ‰),https://youtube.com/watch?v=ti4nctcAnAg
0,ì˜¤ë°˜(OVAN) - ì–´ë–»ê²Œ ì§€ë‚´ / ê°€ì‚¬,https://youtube.com/watch?v=jBAdBd_hd-8
0,NCT 127 (ì—”ì‹œí‹° 127) 'Kick It (ì˜ì›…;è‹±é›„)' (Color Coded Lyrics Eng/Rom/Han/ê°€ì‚¬),https://youtube.com/watch?v=MjTLxf1SN1c
0,"WINNER ""Hold (ëœ¸)"" (Color Coded Lyrics Eng/Rom/Han/ê°€ì‚¬)",https://youtube.com/watch?v=-3niWXEljSQ
0,NCT 127 (ì—”ì‹œí‹° 127) - 'SIT DOWN!' Lyrics [Color Coded_Han_Rom_Eng],https://youtube.com/watch?v=CzRPThEv-uc
0,NCT 127 (ì—”ì‹œí‹° 127) - 'MAD DOG' (ë¿”) Lyrics [Color Coded_Han_Rom_Eng],https://youtube.com/watch?v=B5EHIss7Tr0
0,BewhY (ë¹„ì™€ì´) - ìƒˆë¡œì´ (prod. Viann) [ì´íƒœì› í´ë¼ì“° ì›¹íˆ° OST]ã…£Lyrics/ê°€ì‚¬,https://youtube.com/watch?v=OK6nFkJn850
0,ë°•ê²½ - ìƒˆë¡œê³ ì¹¨ (Feat. ê°•ë¯¼ê²½ Of ë‹¤ë¹„ì¹˜) [Lyrics],https://youtube.com/watch?v=yC_ky-58-zQ
0,"ìˆ˜í¼ë¹„ (SUPERBEE) - Selfmade Orange 2 (Feat. CHANGMO, Paul Blanco) [Rap Legend 2]ã…£Lyrics/ê°€ì‚¬",https://youtube.com/watch?v=WVGgHJwhsUQ
0,DPR LIVE - Martini Blue Lyrics [Han | Rom | Eng],https://youtube.com/watch?v=bUT63bgaBEo
0,"JOKE! (Feat. C JAMM, ì‚¬ì´ë¨¼ ë„ë¯¸ë‹‰) lyrics || (CODE KUNST (ì½”ë“œ ì¿¤ìŠ¤íŠ¸)",https://youtube.com/watch?v=AYtD-hW_WC8
0,DPR LIVE - Jasmine (prod. CODE KUNST)(Han | Rom | Eng Lyrics),https://youtube.com/watch?v=pVFPi4Frj0Q
0,DPR LIVE - LEGACY (Color Coded Lyrics Han/Rom/Eng/ê°€ì‚¬) (vostfr cc),https://youtube.com/watch?v=TxB-M-vLCeg
0,ë¨¸ì‰¬ë² ë†ˆ (MUSHVENOM) - ì™”ë‹¤ã…£Lyrics/ê°€ì‚¬,https://youtube.com/watch?v=kkGOzZHUPko
0,ì• ì‰¬ ì•„ì¼ëœë“œ (ASH ISLAND) - ì•…ëª½ [More ASH]ã…£Lyrics/ê°€ì‚¬,https://youtube.com/watch?v=zeez_GJW5Mo
0,DPR LIVE (ë””í”¼ì•Œ ë¼ì´ë¸Œ) - NEON (Lyrics/Eng/Rom/Han/ê°€ì‚¬) + fx,https://youtube.com/watch?v=wg5BZXZwxbA
0,BTS (ë°©íƒ„ì†Œë…„ë‹¨) - Boy With Luv (ì‘ì€ ê²ƒë“¤ì„ ìœ„í•œ ì‹œ) feat. Halsey (Color Coded Lyrics Eng/Rom/Han/ê°€ì‚¬),https://youtube.com/watch?v=OEnvXsyGZmU
0,"MCëª½, ê¹€ì¬í™˜ - ë´„ ê°™ë˜ ê·¸ë…€ê°€ ì¶¥ëŒ€ (Feat. í˜ë…¸ë©”ì½”) [ê²°í•]ã…£Lyrics/ê°€ì‚¬",https://youtube.com/watch?v=rutQEyW7sa8
0,"ì½”ë“œ ì¿¤ìŠ¤íŠ¸ (CODE KUNST) - ê½ƒ (flower) (Feat. ë°•ì¬ë²”, ìš°ì›ì¬, ê¸°ë¦¬ë³´ì´) ê°€ì‚¬ã…£Lyricã…£smay",https://youtube.com/watch?v=WdpdoaK69fk
0,í•œìš”í•œ - 400km (Feat. Kid Milli) [ì›ê¸°ì˜¥]ã…£Lyrics/ê°€ì‚¬,https://youtube.com/watch?v=zlU8zIIr12A
0,CODE KUNST - O ft. LEE HI(ì´í•˜ì´)(Color Coded Lyrics Han/Rom/Eng/ê°€ì‚¬),https://youtube.com/watch?v=Y06K59uHnvE
0,"í­ìˆ˜, íƒ€ì´ê±°JK, ë¹„ì§€, ë¹„ë¹„ - í­ìˆ˜ë¡œ í•˜ê² ìŠµë‹ˆë‹¤ / ê°€ì‚¬ (Lyrics)",https://youtube.com/watch?v=_DEpLMJJ9Ck
0,ë¦´ëŸ¬ë§ì¦ˆ (Leellamarz) - GONE (Feat. Paloalto) (Prod. TOIL) [GONE]ã…£Lyrics/ê°€ì‚¬,https://youtube.com/watch?v=UvOISFON4M4
0,"Code Kunst (ì½”ë“œ ì¿¤ìŠ¤íŠ¸) - Set Me Free (Feat. Loopy (ë£¨í”¼), Jvcki Wai)(Color Coded Lyrics Han/Rom/Eng/ê°€ì‚¬)",https://youtube.com/watch?v=L4UozkXde-E
0,Big Bang - Haru Haru (í•˜ë£¨ í•˜ë£¨) [Hangul/Romanization/English] Color & Picture Coded HD,https://youtube.com/watch?v=WtAuSC3lk14
0,"ì‚°ì´(San E), ë ˆì´ë‚˜ (Orange Caramel)_ í•œì—¬ë¦„ë°¤ì˜ ê¿€ (A midsummer night's sweetness) [LYRICS] ê°€ì‚¬ í•œêµ­ì–´",https://youtube.com/watch?v=uJhdE0B-u4s
0,BIGBANG - Lies(ê±°ì§“ë§) Color Coded Lyrics [Han/Rom/Eng],https://youtube.com/watch?v=Hy0W7AqDC_c
0,NCT DREAM â€“ 'QUIET DOWN' Lyrics [Color Coded_Han_Rom_Eng],https://youtube.com/watch?v=PulfDLJWJ2Y
0,RAIN GANG Lyrics (ë¹„ ê¹¡ ê°€ì‚¬),https://youtube.com/watch?v=bK8fVyP-98Q
0,"ìˆ˜í¼ë¹„, UNEDUCATED KID, íŠ¸ì›°ë¸Œ (twlv), Yuzion - íŠ¸ë¡œíŠ¸ë© [Dingo X Yng & Rich Records]ã…£Lyrics/ê°€ì‚¬",https://youtube.com/watch?v=mxct3rijqZw
0,"NCT 127 (ì—”ì‹œí‹° 127) ""Punch"" (Color Coded Lyrics Eng/Rom/Han/ê°€ì‚¬)",https://youtube.com/watch?v=YxS519YWC1A
0,ì°½ëª¨ (CHANGMO) - COUNTIN MY GUAP [COUNTIN MY GUAP]ã…£Lyrics/ê°€ì‚¬,https://youtube.com/watch?v=eyylCBgG5uw
0,Dingo X GRAY (ê·¸ë ˆì´) - MOON BLUE Lyrics (Color Coded Lyrics Han/Rom/Eng/ê°€ì‚¬),https://youtube.com/watch?v=7Wwv_Vz4SuQ
0,ê¸°ë¦¬ë³´ì´ - ì• ê¸° [ì• ê¸°]ã…£Lyrics/ê°€ì‚¬,https://youtube.com/watch?v=zMNUBRnHOOE
0,VINXEN(ë¹ˆì²¸) - ë…¸ì„ (Feat.ì˜¤ë°˜(OVAN)) [Lyrics],https://youtube.com/watch?v=Va2Q6bo1K0w
0,NCT 127 - Prelude [Colour Coded Eng Lyrics],https://youtube.com/watch?v=Nw86oCvXuSU
0,"ìŠˆí”„ë¦¼íŒ€ & ì˜ì¤€ - ê·¸ë• ê·¸ë• ê·¸ë• [Ames Room]â”‚ê°€ì‚¬, Lyrics",https://youtube.com/watch?v=Hj7vQG-gaPY
0,"ì‹ì¼€ì´ (Sik-K), pH-1, ë°•ì¬ë²”, ê¹€í•˜ì˜¨ (HAON) - ê¹¡ Official Remixã…£Lyrics/ê°€ì‚¬",https://youtube.com/watch?v=I15uureG-Dc
0,ëŸ°ì¹˜ (LUNCH) - ì–´ë–»ê²Œ ì§€ë‚´ (ë‹µê°€) ê°€ì‚¬ã…£Lyricã…£smay,https://youtube.com/watch?v=fHFz4H6NfhI
0,BLACKPINK - How You Like That (Lyrics),https://youtube.com/watch?v=aHnHwrJjR3U
0,"Jvcki Wai, ì¿ ê¸° (Coogie), íŒ”ë¡œì•Œí†  (Paloalto), The Quiett, ë±ƒì‚¬ê³µ - Fadeaway [Fadeaway]ã…£Lyrics/ê°€ì‚¬",https://youtube.com/watch?v=2HNu6tGMGlI
0,"ì—¼ë”°(YUMDDA) - ì¢‹ì•„í•œë‹¤ë‹ˆê¹Œ | ê°€ì‚¬, Lyrics",https://youtube.com/watch?v=mdKEhRUU-pE
0,ì°½ëª¨ (CHANGMO) - Swoosh Flow [BIPOLAR]ã…£Lyrics/ê°€ì‚¬,https://youtube.com/watch?v=ohKdqftP0DY
0,MCëª½ - ì–Œì–Œ (Yummy Yummy) (Feat. ì±ˆìŠ¬ëŸ¬),https://youtube.com/watch?v=m0r7e72hs48
0,Sik-K - DARLING Feat. Crush (ì‹ì¼€ì´ x í¬ëŸ¬ì‰¬ - ë‹¬ë§ (DARLING))(Color Coded Lyrics Han/Rom/Eng/ê°€ì‚¬),https://youtube.com/watch?v=tVZlxtzY30E
0,BLACKPINK â€“ BOOMBAYAH (ë¶ë°”ì•¼) (Color Coded Han|Rom|Eng Lyrics) | by Yankat,https://youtube.com/watch?v=PjRxsQ3mQkM
0,BLACKPINK â€“ Whistle (íœ˜íŒŒëŒ) (Color Coded Han|Rom|Eng Lyrics) | by Yankat,https://youtube.com/watch?v=cXzOIfcIVAU
0,ë‘ì¤„ê°€ì‚¬ [MCëª½ - I Love U Oh Thank U (F.ê¹€íƒœìš°)] + DL,https://youtube.com/watch?v=HWdaOITQgeI
0,"ìˆ˜í¼ë¹„, UNEDUCATED KID, íŠ¸ì›°ë¸Œ (twlv), Yuzion - Summer! [Dingo X Yng & Rich Records (Part 2)]ã…£Lyrics/ê°€ì‚¬",https://youtube.com/watch?v=nUt5qt4Rj3Y
0,ì§€ì½” (ZICO) -  Summer Hate (Feat. ë¹„) [RANDOM BOX]ã…£Lyrics/ê°€ì‚¬,https://youtube.com/watch?v=EpyIUx2aUs8
0,ASH ISLAND -  â€˜Error (Ft. Loopy)[ì• ì‰¬ ì•„ì¼ëœë“œ ì˜¤ë¥˜  íŒ» ë£¨í”„]colour coded Lyrics (Han/ Rom/ Eng),https://youtube.com/watch?v=PLQmZgqNJzM
0,[ìŠ¤íƒ€â˜…ë´ì•¼ì§€] ë£¨ë¸Œë¥´ì— ìˆì–´ì•¼í•˜ëŠ” ì‚¬ëŒì´ ì™œ ì—¬ê¹„ì§€? EXOì„¸í›ˆ(SEHUN) ì•„ëŠ”í˜•ë‹˜ í™œì•½ìƒ ëª¨ìŒâ™¥ã…£ì•„ëŠ”í˜•ë‹˜ã…£JTBC 191207 ë°©ì†¡ ì™¸,https://youtube.com/watch?v=VTazhu7nfQI
0,"ì£¼ì‹œí¬ (Joosiq), ì˜¤ë°˜ (OVAN) - ë¶ˆ ì¢€ êº¼ì¤„ë˜ Please turn off the lights [Music Video]",https://youtube.com/watch?v=ECtbDpCTGPM
0,ì¡°ê´‘ì¼ - ê³¡ì˜ˆì‚¬ ê°€ì‚¬ã…£Lyricã…£smay,https://youtube.com/watch?v=iU2Z7W5-cfw
0,ì§€ì½”(ZICO) - ë§Œí™”ì˜í™” (Cartoon) ê°€ì‚¬ã…£Lyricã…£smay,https://youtube.com/watch?v=QCmCyWP43LE
0,DEUX (ë“€ìŠ¤) - In Summer (ì—¬ë¦„ ì•ˆì—ì„œ) [Color Coded Lyrics Han/Rom/Eng],https://youtube.com/watch?v=oaspI6TV8dM
0,ZICO - Love & Hate Feat. BIBI (ì§€ì½” - ì›¬ìˆ˜ Feat. ë¹„ë¹„)(Color Coded Lyrics Han/Rom/Eng/ê°€ì‚¬),https://youtube.com/watch?v=B_bl75Y-DeE
0,[ì„¸í›ˆ] ëˆˆì„ ì˜ì‹¬í•˜ê²Œ ë§Œë“œëŠ” ì„¸í›ˆì´ì˜ ë°œì¬ê°„,https://youtube.com/shorts/O0Uvbt7HaS4
0,ì¤ì—ì´ (Joob A) - I'm in L but ê°€ì‚¬(Lyric),https://youtube.com/watch?v=o_24WRmTrsg
0,ZICO - 'No You Can't' Lyrics Color Coded (Han/Rom/Eng),https://youtube.com/watch?v=1-CJM7Jcd78
0,[ì„¸í›ˆ] ëˆˆì„ ì˜ì‹¬í•˜ê²Œ ë§Œë“œëŠ” ì„¸í›ˆì´ì˜ ë°œì¬ê°„,https://youtube.com/shorts/O0Uvbt7HaS4
0,[ì„¸í›ˆ] ëˆˆì„ ì˜ì‹¬í•˜ê²Œ ë§Œë“œëŠ” ì„¸í›ˆì´ì˜ ë°œì¬ê°„,https://youtube.com/shorts/O0Uvbt7HaS4
0,[ì„¸í›ˆ] ëˆˆì„ ì˜ì‹¬í•˜ê²Œ ë§Œë“œëŠ” ì„¸í›ˆì´ì˜ ë°œì¬ê°„,https://youtube.com/shorts/O0Uvbt7HaS4
0,ZICO - 'Roommate' Lyrics Color Coded (Han/Rom/Eng),https://youtube.com/watch?v=jp80Bc2DOLM
0,[ì„¸í›ˆ] ëˆˆì„ ì˜ì‹¬í•˜ê²Œ ë§Œë“œëŠ” ì„¸í›ˆì´ì˜ ë°œì¬ê°„,https://youtube.com/shorts/O0Uvbt7HaS4
0,[ì„¸í›ˆ] ëˆˆì„ ì˜ì‹¬í•˜ê²Œ ë§Œë“œëŠ” ì„¸í›ˆì´ì˜ ë°œì¬ê°„,https://youtube.com/shorts/O0Uvbt7HaS4
0,[ì„¸í›ˆ] ëˆˆì„ ì˜ì‹¬í•˜ê²Œ ë§Œë“œëŠ” ì„¸í›ˆì´ì˜ ë°œì¬ê°„,https://youtube.com/shorts/O0Uvbt7HaS4
0,Jessi (ì œì‹œ) 'NUNU NANA (ëˆˆëˆ„ë‚œë‚˜)' Lyrics (Color Coded Lyrics Eng/Rom/Han/ê°€ì‚¬),https://youtube.com/watch?v=7WJRMe6LKcc
0,ë¦°ë‹¤G LINDA (Feat. ìœ¤ë¯¸ë˜) ê°€ì‚¬ (Linda G LINDA (Feat. Yoon Mi Rae) Lyrics) [Color Coded Lyrics/Han/Rom/Eng],https://youtube.com/watch?v=W__p9-kYRio
0,GRAY (ê·¸ë ˆì´) - STAY THE NIGHT (Feat. DeVita (ë“œë¹„íƒ€))(Color Coded Lyrics Han/Rom/Eng/ê°€ì‚¬),https://youtube.com/watch?v=oZZO4CiBKq4
0,"Swoosh Flow Remix (Feat. 365lit, ZENE THE ZILLA, Chamane, Paul Blanco, Damndef, Keem Hyo-Eun &...",https://youtube.com/watch?v=OcvLH6SDa18
0,PSY (ì‹¸ì´) Passionate Goodbye (ëœ¨ê±°ìš´ ì•ˆë…•) (feat. Sung Si Kyung) - Han/Rom/Eng Lyrics (ê°€ì‚¬),https://youtube.com/watch?v=ngVYLN33caY
0,ë°•ì¬ë²” Jay Park - ëª¸ë§¤ (MOMMAE) Feat.Ugly Duck Official Music Video,https://youtube.com/watch?v=gx_mg-1WhWw
0,ì˜¤ë°˜ - ì¶•í•˜í•´ (Prod. By VAN C) ê°€ì‚¬ã…£Lyricã…£smay,https://youtube.com/watch?v=yeB6ioXi7WE
0,"í•œìš”í•œ - ì˜¬ì¸ (Feat. Paul Blanco, ì°½ëª¨) [ì˜¬ì¸]ã…£Lyrics/ê°€ì‚¬",https://youtube.com/watch?v=3LeNf1UyZqs
0,ì—í”½í•˜ì´(Epik High) - ì—°ì• ì†Œì„¤ (Feat. ì•„ì´ìœ ) ê°€ì‚¬ã…£Lyricã…£smay,https://youtube.com/watch?v=HSh6dT6EbkI
0,Heize - Don't Come Back [Eng/Rom/Han] Picture + Color Coded HD,https://youtube.com/watch?v=ETZMPXwenUw
0,BLACKPINK Pretty Savage Lyrics (Color Coded Lyrics),https://youtube.com/watch?v=hx-PQXhdpks
0,ë¡œê¼¬ - ì ì´ ë“¤ì–´ì•¼ (Feat. í—¤ì´ì¦ˆ) [SOME TIME]ã…£Lyrics/ê°€ì‚¬,https://youtube.com/watch?v=DEZmOm_RFOg
0,BLACKPINK Crazy Over You Lyrics (ë¸”ë™í•‘í¬ Crazy Over You ê°€ì‚¬) [Color Coded Lyrics/Eng],https://youtube.com/watch?v=4VOMHN6M4Dw
0,NCT U Make A Wish (Birthday Song) Lyrics (Color Coded Lyrics),https://youtube.com/watch?v=Gh1rFTpxAog
0,ê¸°ë¦¬ë³´ì´ - ìš°ë¦¬ì„œë¡œì‚¬ë‘í•˜ì§€ëŠ”ë§ì [ì˜í™”ê°™ê²Œ]ã…£Lyrics/ê°€ì‚¬,https://youtube.com/watch?v=CQ7fz_1eu38
0,ê¸°ë¦¬ë³´ì´ - ì—°ê¸° (With í—¤ì´ì¦ˆ) [ì˜í™”ê°™ê²Œ]ã…£Lyrics/ê°€ì‚¬,https://youtube.com/watch?v=XPwnhxc3eu8
0,ê¸°ë¦¬ë³´ì´(GIRIBOY) - ë¼ì‹ [Lyrics],https://youtube.com/watch?v=KmdLp-F2CtI
0,Crush (í¬ëŸ¬ì‰¬) - She Said (with BIBI (ë¹„ë¹„)) (Color Coded Lyrics Han/Rom/Eng/ê°€ì‚¬),https://youtube.com/watch?v=2yDo8V0YxLg
0,NCT DREAM Deja Vu Lyrics (ì—”ì‹œí‹° ë“œë¦¼ ë¬´ëŒ€ë¡œ/èˆä»£è·¯ ê°€ì‚¬) [Color Coded Lyrics Han/Rom/Eng],https://youtube.com/watch?v=vSz845CJiRo
0,NCT U - 'MISFIT' Lyrics [Color Coded_Han_Rom_Eng],https://youtube.com/watch?v=_71OU10aTgk
0,ìˆ˜í¼ë¹„ - 5 Gawd 2 (Warrior Flow) [5 Gawd 2]ã…£Lyrics/ê°€ì‚¬,https://youtube.com/watch?v=uW_KxQ7MLAc
0,LOCO(ë¡œê¼¬) - ì´ì œì„œì•¼ (Feat. ì¹´ë”ê°€ë“ ) [Lyrics],https://youtube.com/watch?v=RgHnO2QAYws
0,ë¡œê¼¬(LOCO) - ê·€ê°€ ê°€ì‚¬(Lyric),https://youtube.com/watch?v=iR27kQe3XlU
0,"pH-1, Golden, BIG Naughty ì„œë™í˜„, Jay Park - Oscar ê°€ì‚¬ Color Coded Lyrics Han|Rom|Eng",https://youtube.com/watch?v=wrqwj_blhKo
0,"NCT U ""Volcano"" Lyrics (Color Coded Lyrics)",https://youtube.com/watch?v=ppooKkjStVA
0,ê°œë¦¬ - ì™¸ê³½ìˆœí™˜ë„ë¡œ (Feat. Thama) [2020]ã…£Lyrics/ê°€ì‚¬,https://youtube.com/watch?v=3WYOWSNBo_s
0,"Mushvenom, Miranni, Khundi Panda, Munchman - 'VVS' (ft. JUSTHIS) (Prod. GroovyRoom) [Lyrics/H/R/E]",https://youtube.com/watch?v=8I4KnnDsImY
0,BTS Life Goes On Lyrics (ë°©íƒ„ì†Œë…„ë‹¨ Life Goes On ê°€ì‚¬) [Color Coded Lyrics/Han/Rom/Eng],https://youtube.com/watch?v=0hyGF1QCW8g
0,MINO Run away Lyrics (ì†¡ë¯¼í˜¸ ë„ë§ê°€ ê°€ì‚¬) [Color Coded Lyrics/Han/Rom/Eng],https://youtube.com/watch?v=ta2i0bGYOKw
0,"ë¦´ë³´ì´ (lIlBOI), ì›ìŠˆíƒ€ì¸, Chillin Homie, ìŠ¤ì¹´ì´ë¯¼í˜ - Freak (Prod. Slom) [ì‡¼ë¯¸ë”ë¨¸ë‹ˆ 9 Episode 1]ã…£Lyrics/ê°€ì‚¬",https://youtube.com/watch?v=u_sI1fJ9P_A
0,"ìŠ¤ìœ™ìŠ¤, ë§¥ëŒ€ë””, Khakii (ì¹´í‚¤), ë˜ì› (Layone) - ì›í•´ (Feat. íŒ”ë¡œì•Œí† ) (Prod. ì½”ë“œ ì¿¤ìŠ¤íŠ¸) [ì‡¼ë¯¸ë”ë¨¸ë‹ˆ 9 Episode 1]ã…£Lyrics/ê°€ì‚¬",https://youtube.com/watch?v=mVwy45rdR20
0,ì°½ëª¨ (CHANGMO) - ê´‘ì¥ë™ì—ì„œ [ê´‘ì¥ë™ì—ì„œ]ã…£Lyrics/ê°€ì‚¬,https://youtube.com/watch?v=Azuhdk8jN-4
0,BTS Telepathy Lyrics (ë°©íƒ„ì†Œë…„ë‹¨ ì ì‹œ ê°€ì‚¬) [Color Coded Lyrics/Han/Rom/Eng],https://youtube.com/watch?v=Y020rlnIgFY
0,"í—ˆì„±í˜„, dsel (ë””ì ¤), ê°€ì˜¤ê°€ì´, Untell (ì–¸í…”) - ìœˆìœˆ (Feat. ê°œì½”, BewhY) (Prod. BewhY) [ì‡¼ë¯¸ë”ë¨¸ë‹ˆ 9 Episode 1]ã…£Lyrics/ê°€ì‚¬",https://youtube.com/watch?v=XY7GtDlc104
0,BTS Dis-ease Lyrics (ë°©íƒ„ì†Œë…„ë‹¨ ë³‘ ê°€ì‚¬) [Color Coded Lyrics/Han/Rom/Eng],https://youtube.com/watch?v=wJdjHxQCUPw
0,ë¡œê¼¬ - ë„ˆì˜ í•˜ë£¨ (ë°”ë¥¸ì—°ì•  ê¸¸ì¡ì´ X ë¡œê¼¬) / ê°€ì‚¬,https://youtube.com/watch?v=R6OQsBv15nk
0,ë¨¸ì‰¬ë² ë†ˆ (MUSHVENOM) - ë³´ìë³´ì [ë³´ìë³´ì]ã…£Lyrics/ê°€ì‚¬,https://youtube.com/watch?v=YX4pU-BTCCE
0,ë‹¤ì´ë‚˜ë¯¹ ë“€ì˜¤ - SOON (Feat. BewhY) [SOON]ã…£Lyrics/ê°€ì‚¬,https://youtube.com/watch?v=GHP-Z1by3rw
0,ì €ìŠ¤ë””ìŠ¤ (JUSTHIS) - G+Jus Freestyle (Prod. GroovyRoom) [ì‡¼ë¯¸ë”ë¨¸ë‹ˆ 9 Special]ã…£Lyrics/ê°€ì‚¬,https://youtube.com/watch?v=nqx0ti7uRgU
0,"ì˜¤ë°˜ (OVAN), ëŸ°ì¹˜ (LUNCH) - Paris (ê°€ì‚¬)",https://youtube.com/watch?v=Vv1qsUvfh7Q
0,ë§ˆë¯¸ì†(Mommy Son) - ì‚¬ë‘ì€ (Love is) (Feat. ì›ìŠˆíƒ€ì¸(Wonstein)) / ê°€ì‚¬(Lyrics),https://youtube.com/watch?v=Ex_DlK0dLgE
0,[ê°€ì‚¬/lyrics] ê¸±ìŠ¤ Geeks- Officially Missing You,https://youtube.com/watch?v=2at3IpTEW3o
0,ë¨¸ì‰¬ë² ë†ˆ (MUSHVENOM) - ì™œ ì´ë¦¬ ì‹œë„ëŸ¬ìš´ ê²ƒì´ëƒ (Prod. SLO)ã…£Lyrics/ê°€ì‚¬,https://youtube.com/watch?v=0asRv937r_4
0,The Quiett - BENTLEY 2 (Feat. ì—¼ë”°) [BENTLEY 2]ã…£Lyrics/ê°€ì‚¬,https://youtube.com/watch?v=yKyDbgEU3LY
0,MINO - 'OK MAN' [Feat BOBBY] Lyrics [Color Coded_Han_Rom_Eng],https://youtube.com/watch?v=JSuRDtxUAyw
0,"ë¦´ë³´ì´ (lIlBOI) - ë‚´ì¼ì´ ì˜¤ë©´ (Feat. ê¸°ë¦¬ë³´ì´, BIG Naughty (ì„œë™í˜„)) [ì‡¼ë¯¸ë”ë¨¸ë‹ˆ 9 Episode 3]ã…£Lyrics/ê°€ì‚¬",https://youtube.com/watch?v=e0--itBVfa0
0,"Miranni (ë¯¸ë€ì´) - 'Achoo' (ft. pH-1, HAON (í•˜ì˜¨)) (Prod. GroovyRoom) [Color Coded Lyrics/HAN/ROM/ENG]",https://youtube.com/watch?v=ucTVhOGF-S0
0,Khundi Panda - ë¿Œë¦¬ (Feat. JUSTHIS) (Prod. GroovyRoom) [ì‡¼ë¯¸ë”ë¨¸ë‹ˆ 9 Episode 3]ã…£Lyrics/ê°€ì‚¬,https://youtube.com/watch?v=1OsGRRcOUwY
0,ì›ìŠˆíƒ€ì¸ - ì ì™¸ì„  ì¹´ë©”ë¼ [ì‡¼ë¯¸ë”ë¨¸ë‹ˆ 9 Episode 3]ã…£Lyrics/ê°€ì‚¬,https://youtube.com/watch?v=SFtJIsaK-hE
0,"[ENG] SMTM9 [9íšŒ] 'ì‹œì²­ë¥ ì„ ë‹´ë‹¹í•˜ëŠ” ê²Œ ëˆ„êµ¬?' ì•…ì—­ (Feat. ì´í•˜ì´, ì‚¬ì´ë¨¼ ë„ë¯¸ë‹‰) - ìŠ¤ìœ™ìŠ¤ @ì„¸ë¯¸íŒŒì´ë„ EP.9 201211 | Mnet 201211 ë°©ì†¡",https://youtube.com/watch?v=3ZkKBWEMP1A
0,ë¨¸ì‰¬ë² ë†ˆ (MUSHVENOM) - ë¶€ì–´ë¼ ë¹„ì›Œë¼ (Tricker) (Prod. GroovyRoom) [ì‡¼ë¯¸ë”ë¨¸ë‹ˆ 9 Episode 3]ã…£Lyrics/ê°€ì‚¬,https://youtube.com/watch?v=Hd2yaa0PT28
0,ë¨¸ì‰¬ë² ë†ˆ (MUSHVENOM) - ê³ ë…í•˜êµ¬ë§Œ (Feat. ìˆ˜í¼ë¹„) (Prod. GroovyRoom) [ì‡¼ë¯¸ë”ë¨¸ë‹ˆ 9 Semi Final]ã…£Lyrics/ê°€ì‚¬,https://youtube.com/watch?v=bSOmCnaukDo
0,"ë¦´ë³´ì´ (lIlBOI) - CREDIT (Feat. ì—¼ë”°, ê¸°ë¦¬ë³´ì´, Zion.T) [ì‡¼ë¯¸ë”ë¨¸ë‹ˆ 9 Final]ã…£Lyrics/ê°€ì‚¬",https://youtube.com/watch?v=UMWBdzQSr_I
0,"[ENG] SMTM9 [10íšŒ] ON AIR (Feat. ë¡œê¼¬, ë°•ì¬ë²” & GRAY) - ë¦´ë³´ì´ @íŒŒì´ë„ 1R EP.10 | Mnet 201218 ë°©ì†¡",https://youtube.com/watch?v=7b3N6Jga48U
0,ë¦´ë³´ì´ (lIlBOI) - Bad News Cypher vol.2 (Feat. TakeOne) [ì‡¼ë¯¸ë”ë¨¸ë‹ˆ 9 Semi Final]ã…£Lyrics/ê°€ì‚¬,https://youtube.com/watch?v=QxcMPeSetZw
0,"ë¨¸ì‰¬ë² ë†ˆ (MUSHVENOM) - ì—¬ë°±ì˜ ë¯¸ (Feat. Jessi, JUSTHIS) (Prod. GroovyRoom) [ì‡¼ë¯¸ë”ë¨¸ë‹ˆ 9 Final]ã…£Lyrics/ê°€ì‚¬",https://youtube.com/watch?v=-EPXWXQUXDM
0,"[SMTM9] Khundi Panda (ì¿¤ë””íŒë‹¤) - Hero (Feat. JUSTHIS, Golden)(Prod. GroovyRoom) [Lyrics in KOR/ROM/ENG]",https://youtube.com/watch?v=ExAha_265S4
0,"ë¨¸ì‰¬ë² ë†ˆ (MUSHVENOM) - ê°€ë‹¤ (Feat. ì‚¬ì´ë¨¼ ë„ë¯¸ë‹‰, The Quiett) (Prod. SLO) [ì‡¼ë¯¸ë”ë¨¸ë‹ˆ 9 Final]ã…£Lyrics/ê°€ì‚¬",https://youtube.com/watch?v=5jUAAZX6b-Q
0,"[ENG] SMTM9 [9íšŒ] iii (Feat. ë² ì´ì‹, í‚¤ë“œë°€ë¦¬) - ë˜ì› @ì„¸ë¯¸íŒŒì´ë„ EP.9 201211 | Mnet 201211 ë°©ì†¡",https://youtube.com/watch?v=ydjtNH_79Go
0,ìŠ¤ìœ™ìŠ¤ - Upgrade 2020 (Feat. íŒ”ë¡œì•Œí† ) (Prod. ì½”ë“œ ì¿¤ìŠ¤íŠ¸) [ì‡¼ë¯¸ë”ë¨¸ë‹ˆ 9 Episode 2]ã…£Lyrics/ê°€ì‚¬,https://youtube.com/watch?v=IUA0gh5DOo0
0,"ì›ìŠˆíƒ€ì¸ - ì„¸ìƒì— ë‚˜ìœ ê°œëŠ” ì—†ë‹¤ (Feat. YDG, Zion.T) (Prod. Slom) [ì‡¼ë¯¸ë”ë¨¸ë‹ˆ 9 Semi Final]ã…£Lyrics/ê°€ì‚¬",https://youtube.com/watch?v=_EB6c090MdM
0,"[ENG] SMTM9 [10íšŒ] Yay (Feat. ì´ì˜ì§€, ì œì´ë¯¸ & íŒ”ë¡œì•Œí† ) - ë˜ì› @íŒŒì´ë„ 2R EP.10 | Mnet 201218 ë°©ì†¡",https://youtube.com/watch?v=AyiVLgKKZVY
0,ë˜ì› (Layone) - Mask On (Feat. íŒ”ë¡œì•Œí†  & ì¿ ê¸° (Coogie)) (Prod. ì½”ë“œ ì¿¤ìŠ¤íŠ¸) [ì‡¼ë¯¸ë”ë¨¸ë‹ˆ 9 Episode 3]ã…£Lyrics/ê°€ì‚¬,https://youtube.com/watch?v=qDraE8-fk_I
0,ê¸°ë¦¬ë³´ì´ - ì‚¬ë‘ì´ì—ˆë‚˜ë´ [9ì»·]ã…£Lyrics/ê°€ì‚¬,https://youtube.com/watch?v=nnSrkgepLgM
0,[ENG] SMTM9 [10íšŒ] Daydreamin (Feat. sogumm & ìš°ì›ì¬) - ë˜ì› @íŒŒì´ë„ 1R EP.10 | Mnet 201218 ë°©ì†¡,https://youtube.com/watch?v=TVxmjaK7rd0
0,ë¯¸ë€ì´ (Mirani) - Part Time (Feat. Queen WA$ABII) (Prod. GroovyRoom) [ì‡¼ë¯¸ë”ë¨¸ë‹ˆ 9 Semi Final]ã…£Lyrics/ê°€ì‚¬,https://youtube.com/watch?v=4HejBkLNsL0
0,"VINXEN(ë¹ˆì²¸), OVAN(ì˜¤ë°˜), Im Soo(ì„ìˆ˜) - JUNG(ì •) (Prod. By VAN.C) [Lyrics]",https://youtube.com/watch?v=-Fr0jK7g2aQ
0,Untell (ì–¸í…”) - í”¼í„°íŒ¬ (Prod. BewhY) [ì‡¼ë¯¸ë”ë¨¸ë‹ˆ 9 Episode 2]ã…£Lyrics/ê°€ì‚¬,https://youtube.com/watch?v=iD0-NqC519U
0,"Untell (ì–¸í…”) - ê²° (Feat. ë‹¤ì´ë‚˜ë¯¹ ë“€ì˜¤, BewhY) [ì‡¼ë¯¸ë”ë¨¸ë‹ˆ 9 Semi Final]ã…£Lyrics/ê°€ì‚¬",https://youtube.com/watch?v=6ig6Ri84h1I
0,[ENG] SMTM9 [10íšŒ] Still Hungry (Feat. ë§ˆë¯¸ì† & íŒ”ë¡œì•Œí† ) - ìŠ¤ìœ™ìŠ¤ @íŒŒì´ë„ 2R EP.10 | Mnet 201218 ë°©ì†¡,https://youtube.com/watch?v=dLuZdC0Mbig
0,Taeyeon (íƒœì—°) - 'To The Moon' Lyrics (Color Coded_Han_Rom_Eng),https://youtube.com/watch?v=7jV3sUY6Oog
0,ìŠ¤ìœ™ìŠ¤ - B Mine (Feat. SUMIN) (Prod. ì½”ë“œ ì¿¤ìŠ¤íŠ¸) [ì‡¼ë¯¸ë”ë¨¸ë‹ˆ 9 Final]ã…£Lyrics/ê°€ì‚¬,https://youtube.com/watch?v=nzk2kz3U6M8
0,"Epik High (ft. CL, ZICO) - Rosario lyrics (ì—í”½í•˜ì´ ì”¨ì—˜ ì§€ì½” Rosario ê°€ì‚¬) (Color Coded Lyrics)",https://youtube.com/watch?v=mAjLgh9Tw48
0,ì—í”½í•˜ì´ - ë‚´ ì–˜ê¸° ê°™ì•„ (feat. í—¤ì´ì¦ˆ) (ê°€ì‚¬),https://youtube.com/watch?v=pIDO0iSAbKk
0,"ë¨¸ì‰¬ë² ë†ˆ (MUSHVENOM), ì €ìŠ¤ë””ìŠ¤ (JUSTHIS) - ì˜œë‹¤ (Take It) (Prod. GroovyRoom) | Colour Coded Lyrics/ê°€ì‚¬ Han/Eng",https://youtube.com/watch?v=BHAJR2zAsDc
0,í˜¸ë¯¸ë“¤ - ì‚¬ì´ë Œ ê°€ì‚¬ã…£Lyricã…£smay,https://youtube.com/watch?v=fqtqfsstYm4
0,"Min Kyunghoon, Kim Heechul (Feat. BIBI, Prod. DinDin) - Hanryang (í•œëŸ‰) Lyrics/ê°€ì‚¬ [Han|Rom|Eng]",https://youtube.com/watch?v=k2FDMpSkn20
0,"'Achoo Remix' - ê·¸ë£¨ë¹„ë£¸(GroovyRoom), ì €ìŠ¤ë””ìŠ¤(JUSTHIS) (Official Lyric Video)",https://youtube.com/watch?v=ine7Tc0ikQM
0,"PATEKO (íŒŒí…Œì½”) - Rainy day (Feat. ASH ISLAND, Skinny Brown) [Rainy day]ã…£Lyrics/ê°€ì‚¬",https://youtube.com/watch?v=R7L2QEm-BUY
0,"VVS REMIX - JUSTHIS, JAY PARK WOODIE GOCHILD KIDD KING PH-1, BIG NAUGHTY TRADEL (Lyrics Eng/Rom/Han)",https://youtube.com/watch?v=mXZ2P70NTuU
0,"ì—í”½í•˜ì´ (EPIK HIGH) - ì •ë‹¹ë°©ìœ„ (Feat. ìš°ì›ì¬, ë„‰ì‚´, ì°½ëª¨) [Epik High Is Here ä¸Š]ã…£Lyrics/ê°€ì‚¬",https://youtube.com/watch?v=jM01MUitWkA
0,BewhY (ë¹„ì™€ì´) - ë‚˜ë€íˆ [ìŠ¤ìœ„íŠ¸í™ˆ OST]ã…£Lyrics/ê°€ì‚¬,https://youtube.com/watch?v=VFKHOftEfoQ
0,ê²©ë¦¬í•´ì œ (CODE CLEAR) [Various Artists]ã…£Lyrics/ê°€ì‚¬,https://youtube.com/watch?v=AL0h8faI-Rw
0,"[Lyrics] ë¼ë¹„ (RAVI) - ë²”(feat.Chillin Homie, Kid Milli)",https://youtube.com/watch?v=ZWgl0Rxqq9g
0,í˜¸ë¯¸ë“¤ - ê½‰ ì¥” ì£¼ë¨¹ì†ì˜ ë¼ì´í„° ê°€ì‚¬ã…£Lyricã…£smay,https://youtube.com/watch?v=NQSHmfzx7T0
0,BIG Naughty (ì„œë™í˜„) - ì»¤í”¼ê°€ê²Œ ì•„ê°€ì”¨ (Feat. ì›ìŠˆíƒ€ì¸) (Prod. PEEJAY) [ì»¤í”¼ê°€ê²Œ ì•„ê°€ì”¨]ã…£Lyrics/ê°€ì‚¬,https://youtube.com/watch?v=pXaWZCCLU3o
0,Y (Please Tell Me Why) - í”„ë¦¬ìŠ¤íƒ€ì¼ ê°€ì‚¬(LYRICS) [ì˜¤ëŠ˜ë„ ë…¸ë˜ í•œ ê³¡?],https://youtube.com/watch?v=HN7JjTGtJBQ
0,Bloo ë¸”ë£¨ - Drama  COLOR CODED LYRICS (ENG/ROM/HAN),https://youtube.com/watch?v=Ms3QAX2IR0E
0,í˜¸ë¯¸ë“¤ - 300 (Prod. by Cashbanger) ê°€ì‚¬ã…£Lyricã…£smay,https://youtube.com/watch?v=THwg4Up4J80
0,"ìˆ˜í¼ë¹„, UNEDUCATED KID, CK, Chin  - ì‚¬ì„ìŒ“ì„ [The Money Team]ã…£Lyrics/ê°€ì‚¬",https://youtube.com/watch?v=u5a1CGlLUoU
0,MCëª½ - ì¢‹ì€ ì´ë³„ì´ ìˆì„ ë¦¬ê°€ ì—†ì–ì•„ (Feat. ì¡°í˜„ì•„ Of ì–´ë°˜ìì¹´íŒŒ) | ê°€ì‚¬,https://youtube.com/watch?v=TVgtaU0Gt4I
0,ASH ISLAND - ë©œë¡œë”” [ë©œë¡œë””]ã…£Lyrics/ê°€ì‚¬,https://youtube.com/watch?v=NB8LX6A5BBM
0,ë¹ˆì²¸ - FLYING HIGH WITH U [FLYING HIGH WITH U]ã…£Lyrics/ê°€ì‚¬,https://youtube.com/watch?v=x9upuovB5Yk
0,"ë¦´ë³´ì´ (lIlBOI), ì›ìŠˆíƒ€ì¸ - FRIENDS (Prod. Slom) [FRIENDS]ã…£Lyrics/ê°€ì‚¬",https://youtube.com/watch?v=eWK43QlMTg8
0,Mcëª½(Mc mong)ëˆˆì´ ë©€ì—ˆë‹¤(Blind)ê°€ì‚¬,https://youtube.com/watch?v=iBOhG1wotl4
0,Jessi 'What Type of X' Lyrics (ì œì‹œ ì–´ë–¤X ê°€ì‚¬)  (Color Coded Lyrics),https://youtube.com/watch?v=Id596FcPJpM
0,MCëª½ - ë¬¼ë§ì´ˆ (Feat. ì‹ ìš©ì¬) / ê°€ì‚¬,https://youtube.com/watch?v=BIf0wQITehw
0,ASH ISLAND Feat Skinny Brown - Beautiful Lyrics (Han/Rom/Eng),https://youtube.com/watch?v=VZ8FJWEvfNw
0,MCëª½ - ê±°ë¶ì´ (Feat. íš¨ë¦°) (Remix Ver.) / ê°€ì‚¬,https://youtube.com/watch?v=yxkjOX03ZBw
0,BIG Naughty - Joker (Feat. JAMIE) Lyrics [HAN / ROM / ENGLISH - color coded],https://youtube.com/watch?v=m-MXv2Sl0Io
0,MCëª½ - ëŒì•„ê°ˆ ìˆœ ì—†ì„ê¹Œ (Feat. ê¹€ì„¸ì •) / ê°€ì‚¬,https://youtube.com/watch?v=cwVmY8FhGy8
0,ASH ISLAND - ê·¸ë‘í”„ë¦¬ (Feat. Beenzino) [ISLAND]ã…£Lyrics/ê°€ì‚¬,https://youtube.com/watch?v=kWYr2ZeQJMI
0,MCëª½ - ì‰´ ê³³ (Feat. ê¹€ì˜í ) / ê°€ì‚¬,https://youtube.com/watch?v=miZDkOIEJB4
0,"MCëª½ - STAR (Feat. ì±ˆìŠ¬ëŸ¬, D.Ark) / ê°€ì‚¬",https://youtube.com/watch?v=LA9-ZXRenE4
0,"í˜¸ë¯¸ë“¤ - ì‚¬ì´ë Œ Remix (Feat. UNEDUCATED KID, Paul Blanco) [ì‚¬ì´ë Œ Remix]ã…£Lyrics/ê°€ì‚¬",https://youtube.com/watch?v=szj8w-5nqE4
0,ì‚¬ì´ë¨¼ ë„ë¯¸ë‹‰ - Party Forever [Lyrics / ê°€ì‚¬],https://youtube.com/watch?v=ILPsJoTVwL0
0,ASH ISLAND One More Night (Feat. lIlBOI(ë¦´ë³´ì´)) Lyrics ì• ì‰¬ ì•„ì¼ëœë“œ ê°€ì‚¬ [Color Coded Lyrics/Han/Rom/Eng],https://youtube.com/watch?v=k_aVu1OQ7rA
0,ê¸°ë¦¬ë³´ì´ - ì‹œê³µê°„ [ì‹œê³µê°„ì´ë‘ ì–´ì©Œë¼ê³ ]ã…£Lyrics/ê°€ì‚¬,https://youtube.com/watch?v=YL1ApyLgqgA
0,"Checks (Feat. SUPERBEE, Jay Park & The Quiett)",https://youtube.com/watch?v=wGWdK_334-8
0,ASH ISLAND Feat Swings - Okay Lyrics (Han/Rom/Eng),https://youtube.com/watch?v=5XjuRu-le94
0,MCëª½ - í™”ë³‘ / ê°€ì‚¬,https://youtube.com/watch?v=H5J3dxO1T3s
0,MCëª½ - ë´„ ê°™ë˜ ê·¸ë…€ê°€ ì¶¥ëŒ€ (Feat. ê¹€ì¬í™˜) (Piano Ver.) / ê°€ì‚¬,https://youtube.com/watch?v=-cwmX9BxMWE
0,ì˜¤ë°˜(OVAN) _ ì•ˆì•„ì¤˜(I'm Fine) (Prod. VAN.C) / ê°€ì‚¬(Lyrics),https://youtube.com/watch?v=EfWaqgRRxtg
0,ë¯¸ë€ì´ (Mirani) - Daisy (Feat. pH-1) [Daisy]ã…£Lyrics/ê°€ì‚¬,https://youtube.com/watch?v=co90cPpbcd8
0,í•œìš”í•œ - ê°€ìŠµê¸° [ê°€ìŠµê¸°]ã…£Lyrics/ê°€ì‚¬,https://youtube.com/watch?v=mBxqGpSG_wc
0,"ì‚¬ì´ë¨¼ ë„ë¯¸ë‹‰, ë¡œê¼¬ - ë°¤ì´ ë˜ë©´ [Lyrics / ê°€ì‚¬]",https://youtube.com/watch?v=LISyEc4dixg
0,D.Ark (ë””ì•„í¬) - Cold (Feat. ìˆ˜í¼ë¹„) (Prod. Way Ched) [ê³ ë“±ë˜í¼4 Semi Final 1]ã…£Lyrics/ê°€ì‚¬,https://youtube.com/watch?v=-QkBk-6z4fs
0,"D.Ark (ë””ì•„í¬), ë°•ê°•ë°± (ë°°ê¸°) -  ê²½ìš°ì˜ ìˆ˜ (Feat. CHANGMO) (Prod. Way Ched) [ê³ ë“±ë˜í¼4 - íŒ€ëŒ€í•­:êµê³¼ì„œ ë© ë°°í‹€1]ã…£Lyrics/ê°€ì‚¬",https://youtube.com/watch?v=Fv9aok4gWSs
0,ê°•ì„œë¹ˆ (YUNG CHENS) TRADE L ë°•ê°•ë°± (ë°°ê¸°) D.Ark (ë””ì•„í¬) - BACKPACK (Feat. CHANGMO) [ê³ ë“±ë˜í¼4 - íŒ€ëŒ€í•­:ë‹¨ì²´ì „]ã…£Lyrics/ê°€ì‚¬,https://youtube.com/watch?v=CbgShMok8yY
0,"ë°•í˜„ì§„,Lil Bemo(ê¹€ë‹¤í˜„),YLN Foreign,í”Œë£¨ë§ˆ(PLUMA) - GREEN LIGHT (Feat. ë°•ì¬ë²”, pH-1)(Prod. WOOGIE) [Lyrics / ê°€ì‚¬]",https://youtube.com/watch?v=2IENIv8YBWE
0,"ë…¸ìœ¤í•˜, YoBoy (ê°•ìš”ì…‰) - ë…¹ì•„ì¤„ê²Œ [ê³ ë“±ë˜í¼4 - íŒ€ëŒ€í•­:êµê³¼ì„œ ë© ë°°í‹€1]ã…£Lyrics/ê°€ì‚¬",https://youtube.com/watch?v=yrQvCSdZvzc
0,"í™©ì„¸í˜„ (h3hyeon), JAEHA (ì¬í•˜), obiegogle(ì˜¤ë¹„ê³ ê¸€), nobbaggu - ì—˜ë¦¬ìë² ìŠ¤ [ê³ ë“±ë˜í¼4 - íŒ€ëŒ€í•­:ë‹¨ì²´ì „]ã…£Lyrics/ê°€ì‚¬",https://youtube.com/watch?v=0NnvKMrlMwQ
0,"í™©ì„¸í˜„ (h3hyeon), JAEHA (ì¬í•˜) - Chris Brown Moves [ê³ ë“±ë˜í¼4 - íŒ€ëŒ€í•­:êµê³¼ì„œ ë© ë°°í‹€1]ã…£Lyrics/ê°€ì‚¬",https://youtube.com/watch?v=ZGYbbMFhvYk
0,"[INDO SUB] Touch The Sky/Lil nekh (ë¦´ë„¤í¬) (Lee Sang Jae), Heo wonhyuk (í—ˆì›í˜) - Emoji (ì´ëª¨í‹°ì½˜) LIRIK",https://youtube.com/watch?v=3BYixqWBUwU
0,Lil Bemo (ê¹€ë‹¤í˜„) & Park Hyeon Jin (ë°•í˜„ì§„) - 'WORK!' (Prod. WOOGIE) [Color Coded Lyrics/HAN/ROM/ENG],https://youtube.com/watch?v=G0Iov9C7DDQ
0,ITZY - MAFIA In the morning Lyrics (ìˆì§€ ë§ˆ.í”¼.ì•„. In the morning ê°€ì‚¬) (Color Coded Lyrics),https://youtube.com/watch?v=XZvUnqvspxk
0,NCT DREAM Hot Sauce Lyrics (ì—”ì‹œí‹° ë“œë¦¼ ë§› ê°€ì‚¬) (Color Coded Lyrics),https://youtube.com/watch?v=cfhPYpR7ZSE
0,pH-1 - 365&7 (Feat. JAMIE) (Official Live Clip),https://youtube.com/watch?v=T0YSwFoefoc
0,ASH ISLAND - ì‹ ê²½êº¼ [More ISLAND]ã…£Lyrics/ê°€ì‚¬,https://youtube.com/watch?v=xlj30vFOLhA
0,"NCT DREAM - 'COUNTDOWN (3, 2, 1)' Lyrics [Color Coded_Han_Rom_Eng]",https://youtube.com/watch?v=V3WDEYjmBfM
0,D.Ark (ë””ì•„í¬) - Do My Best (Feat. ì œì‹œ) (Prod. Way Ched) [ê³ ë“±ë˜í¼4 Final]ã…£Lyrics/ê°€ì‚¬,https://youtube.com/watch?v=PAlXjeZGCwE
0,D.Ark (ë””ì•„í¬) - GENIUS (Feat. ì°½ëª¨) [EP1 GENIUS]ã…£Lyrics/ê°€ì‚¬,https://youtube.com/watch?v=dHRtuPD0Ouc
0,"ë²„ë²Œì§„íŠ¸ (VerbalJint), í•œí•´ (HANHAE) - êµ¿ëª¨ë‹ (Good Morning) (Feat. ì›ìŠˆíƒ€ì¸ (Wonstein)) / ê°€ì‚¬(Lyrics)",https://youtube.com/watch?v=KizekzLfvXo
0,MCìŠ¤ë‚˜ì´í¼(MC Sniper) - Bk Love (feat. ì´í•´ë¦¬ of ë‹¤ë¹„ì¹˜) | ê°€ì‚¬,https://youtube.com/watch?v=0ElVYCP1t6U
0,BIBI 'Life is a Bi...' Lyrics (ë¹„ë¹„ ì¸ìƒì€ ë‚˜ìœX ê°€ì‚¬) â™ª,https://youtube.com/watch?v=5Lrcpn1T0RA
0,ITZY (ìˆì§€) â€“ 'SORRY NOT SORRY' Lyrics [Color Coded_Han_Rom_Eng],https://youtube.com/watch?v=ZHCwQoRwcbE
0,í˜¸ë¯¸ë“¤ - ë£¨ì´ë¹„ë˜¥ í—ˆë¦¬ (prod. Kidstone) [Family Business]ã…£Lyrics/ê°€ì‚¬,https://youtube.com/watch?v=FRIJGuHr_r8
0,"TRADE L - Ooh Wah (Feat. CHANGMO, ì›ìŠˆíƒ€ì¸) (Prod. Way Ched) [ê³ ë“±ë˜í¼4 Final]ã…£Lyrics/ê°€ì‚¬",https://youtube.com/watch?v=QQZRjBV1mt0
0,ì˜¤ë°˜ (OVAN) - í—ˆë¦¬ì¶¤ / ê°€ì‚¬,https://youtube.com/watch?v=-Rbvyq3sC_c
0,ê¸°ë¦¬ë³´ì´ - DIE DIE (Feat. ìµœì—˜ë¹„) (ìŠ¤í„°ë””ê·¸ë£¹ X ê¸°ë¦¬ë³´ì´) [Lyrics / ê°€ì‚¬],https://youtube.com/watch?v=HUtE1LQ2gB0
0,ë””í•µ(D-HACK) - OHAYO MY NIGHT (Prod. PATEKO) ã…£Lyrics/ê°€ì‚¬,https://youtube.com/watch?v=Yg_VneWpqjc
0,"ë¦´ë³´ì´ (lIlBOI), ì›ìŠˆíƒ€ì¸, ë¯¸ë€ì´ (Mirani) - HEAT [HEAT]ã…£Lyrics/ê°€ì‚¬",https://youtube.com/watch?v=Q-sU8P5ptVA
0,"ìŒ”ëˆë³´ì´ì¦ˆ (ë°•ì¬ë²”, Don Mills, ë¡œê¼¬, ë„‰ì‚´) - ê¶ê¸ˆí•´ (Prod. GRAY) [Dingo X ìŒ”ëˆë³´ì´ì¦ˆ]ã…£Lyrics/ê°€ì‚¬",https://youtube.com/watch?v=iuWm__P6Uvk
0,í˜¸ë¯¸ë“¤ - ë (prod. Kidstone) [Family Business]ã…£Lyrics/ê°€ì‚¬,https://youtube.com/watch?v=9_dgbelu5H0
0,"ì—¼ë”° - ì¡´ì‹œë‚˜ (Feat. Northfacegawd, JUSTHIS, ë˜ì›) [ì‚´ì•„ìˆ¨ì…” 3]ã…£Lyrics/ê°€ì‚¬",https://youtube.com/watch?v=JuK84Nabhlc
0,"BIG Naughty (ì„œë™í˜„) - í„¸ì–´! (Feat. M1NU, Veinyfl, Swervy, ë˜ì›, ì´ì˜ì§€, Lil Nekh, D.Ark) [""SIKE""!]ã…£Lyrics/ê°€ì‚¬",https://youtube.com/watch?v=mvmJrupzyOA
0,"Jenga - Heize x Gaeko Lyrics [Han,Rom,Eng] {Coded}",https://youtube.com/watch?v=H8x74TWg3kw
0,Epik High Rain Song ft. Colde Lyrics (ì—í”½í•˜ì´ ë¹„ ì˜¤ëŠ” ë‚  ë“£ê¸° ì¢‹ì€ ë…¸ë˜ ê°€ì‚¬) (Color Coded Lyrics),https://youtube.com/watch?v=zJnvPYvz4qQ
0,LEE SUNGKYUNG X LOCO (ì´ì„±ê²½xë¡œê¼¬) - ''LOVE (ëŸ¬ë¸Œ)'' Lyrics ê°€ì‚¬ [æ—¥æœ¬èªå­—å¹•] (Color_Coded_HAN_ROM_ENG),https://youtube.com/watch?v=cdHKLpk21KA
0,ì‚°ì´(San E) X ë ˆì´ë‚˜(Raina) - í•œì—¬ë¦„ë°¤ì˜ ê¿€ : ë‹¤ì‹œ ì—¬ë¦„ / ê°€ì‚¬,https://youtube.com/watch?v=t4ZSIeF6gvE
0,NCT DREAM - Hello Future Lyrics (ì—”ì‹œí‹° ë“œë¦¼ Hello Future ê°€ì‚¬) (Color Coded Lyrics),https://youtube.com/watch?v=kO8dykQbDkA
0,"ASH ISLAND, ê·¸ë£¨ë¹„ë£¸ (GroovyRoom) - ì¡ì•„ì¤„ê²Œ (Prod. GroovyRoom) [ì¡ì•„ì¤„ê²Œ]ã…£Lyrics/ê°€ì‚¬",https://youtube.com/watch?v=mdUTb41imgA
0,NCT DREAM (ì—”ì‹œí‹° ë“œë¦¼) - 'Life Is Still Going On' (ì˜¤ë¥´ê³¨) Lyrics [Color Coded_Han_Rom_Eng],https://youtube.com/watch?v=6z6XNBNaV7A
0,BK Love - MC ìŠ¤ë‚˜ì´í¼ ê°€ì‚¬(LYRICS) [ì˜¤ëŠ˜ë„ ë…¸ë˜ í•œ ê³¡?],https://youtube.com/watch?v=enJyAe59wjw
0,"í•œìš”í•œ, ì €ìŠ¤ë””ìŠ¤ (JUSTHIS) - ë„ˆë‘ ë‹¬ë¼ (í•œë¦¼ì²´ìœ¡ê´€ X í•œìš”í•œ, ì €ìŠ¤ë””ìŠ¤ (JUSTHIS))ã…£Lyrics/ê°€ì‚¬",https://youtube.com/watch?v=JcNHy_3_y18
0,JAEHA (ì¬í•˜) - ì•ˆì•˜ì–´ì•¼í•´ (Feat. Futuristic Swaver) [Life Like 18]ã…£Lyrics/ê°€ì‚¬,https://youtube.com/watch?v=XkH_ygWBTiA
0,"ê¹€ìŠ¹ë¯¼, Skinny Brown - ì´ ë…¸ë˜ê°€ (ìŠ¤í„°ë””ê·¸ë£¹ X ê¹€ìŠ¹ë¯¼, Skinny Brown) [ì´ ë…¸ë˜ê°€]ã…£Lyrics/ê°€ì‚¬",https://youtube.com/watch?v=COBqmxYaXks
0,ì¿ ê¸° (Coogie) - ë­ (Feat. ì›ìŠˆíƒ€ì¸) [I Got A Feeling]ã…£Lyrics/ê°€ì‚¬,https://youtube.com/watch?v=qp976ZTJVwg
0,"ê·¸ë ˆì´(GRAY) - I Don't Love You (Feat. ì¿ ê¸°(Coogie)) [I Don't Love You]â”‚ê°€ì‚¬, Lyrics",https://youtube.com/watch?v=IQna9fkB9nM
0,BewhY (ë¹„ì™€ì´) - Celebration [032 Funk]ã…£Lyrics/ê°€ì‚¬,https://youtube.com/watch?v=4Png0caP7Y8
0,ê¸°ë¦¬ë³´ì´ - ê·¸ë• ì–´ë ¸ìœ¼ë‹ˆê¹Œ [ê·¸ë• ì–´ë ¸ìœ¼ë‹ˆê¹Œ]ã…£Lyrics/ê°€ì‚¬,https://youtube.com/watch?v=ihbdVcaipvs
0,í˜¸ë¯¸ë“¤ - í–ˆë˜ ë§ (Prod. CODE KUNST) [HANG OUT : HIPHOPPLAYA COMPILATION ALBUM 2021 Part 1]ã…£Lyrics/ê°€ì‚¬,https://youtube.com/watch?v=8dguQlRHRME
0,San E feat Yuju (ìœ ì£¼)  â€“  So Silly (ëˆˆì¹˜ ì—†ê¸´) Color Coded Lyrics Han/Rom/Eng/Indo,https://youtube.com/watch?v=AVQtHRr4exk
0,ë¡œê¼¬ - ì´ëŒ€ë¡œë§Œ (Feat. ì£ ì§€)/Lyrics,https://youtube.com/watch?v=z1NjUj1dArc
0,ë””í•µ(D-Hack) - TWINTAIL20 [ê°€ì‚¬],https://youtube.com/watch?v=IWFsT9yOs4g
0,"DPR LIVE - Hula Hoops (Feat. ë¹ˆì§€ë…¸(Beenzino), í™”ì‚¬(Hwa Sa)) [IITE COOL]â”‚ê°€ì‚¬, Lyrics",https://youtube.com/watch?v=AUIMd7JUG2k
0,"ë°•ì¬ë²”, pH-1 - ALL IN (Prod. GroovyRoom) [ALL IN]ã…£Lyrics/ê°€ì‚¬",https://youtube.com/watch?v=yOC5ovaEt0Q
0,"ë””í•µ (D-Hack), PATEKO (íŒŒí…Œì½”) - ë³„ê³¼ ê¿ˆì˜ ì´ì•¼ê¸° (Feat.í•œìš”í•œ)/Lyrics",https://youtube.com/watch?v=MAmBuKIb4sI
0,ë¦´ëŸ¬ë§ì¦ˆ (Leellamarz) - í‘ë°±ì˜í™” (Prod. BOYCOLD) [í‘ë°±ì˜í™”]ã…£Lyrics/ê°€ì‚¬,https://youtube.com/watch?v=s2E4d4BboGo
0,NCT 127 - 'STICKER' Lyrics [Color Coded_Han_Rom_Eng],https://youtube.com/watch?v=hkV55Y8qf9c
0,LISA LALISA Lyrics (ë¦¬ì‚¬ LALISA ê°€ì‚¬)  (Color Coded Lyrics),https://youtube.com/watch?v=awiFQiSsvoM
0,NCT 127 Lemonade Lyrics (ì—”ì”¨í‹° 127 Lemonade ê°€ì‚¬)  (Color Coded Lyrics),https://youtube.com/watch?v=eeHH4rsJTI8
0,ë§¤ë“œ í´ë¼ìš´ (Mad Clown) & ì´í•´ë¦¬ (ë‹¤ë¹„ì¹˜) - ìˆ˜ì·¨ì¸ë¶ˆëª…ã…£ Lyrics / ê°€ì‚¬,https://youtube.com/watch?v=oevWfZdiTpg
0,í•œìš”í•œ - ì´ê²Œ ë‚˜ì•¼ (Feat. CHANGMO (ì°½ëª¨)) [ì´ˆí¬ê·€ì¢…]ã…£Lyrics/ê°€ì‚¬,https://youtube.com/watch?v=UaBJ7ptl95o
0,NCT 127 - 'BRING THE NOIZE' Lyrics [Color Coded_Han_Rom_Eng],https://youtube.com/watch?v=8Ja_05p2-qo
0,"ë˜ì› (Layone) - ëŠë¦°ì‹¬ì¥ë°•ë™ (Feat. Ja Mezz) [ëŠë¦°ì‹¬ì¥ë°•ë™]â”‚ê°€ì‚¬, Lyrics",https://youtube.com/watch?v=evnKAWRafNc
0,ë””í•µ(D-Hack) - KOKO NI ARU ê°€ì‚¬(Lyrics),https://youtube.com/watch?v=eyWa5LHxbfA
0,ë‚˜í”Œë¼ (nafla) - run! (Feat. JUSTHIS) [ Lyrics / ê°€ì‚¬ ],https://youtube.com/watch?v=FFlVPofLv4Q
0,Jessi (ì œì‹œ) - 'COLD BLOODED' Lyrics [Color Coded_Han_Rom_Eng],https://youtube.com/watch?v=0IBwLgM5znc
0,B.I Remember Me Lyrics (ë¹„ì•„ì´ ì—­ê²¹ê² ì§€ë§Œ ê°€ì‚¬) (Color Coded Lyrics Eng/Rom/Han),https://youtube.com/watch?v=ha3WBA-4VCM
0,Ash Island - Play Prod. Toil ê°€ì‚¬ Color Coded Lyrics Han/Rom/Eng,https://youtube.com/watch?v=8F-4fKa3u0A
0,BE'O (ë¹„ì˜¤) - Brand (Feat. ë˜ì› (Layone)) [Bipolar]ã…£Lyrics/ê°€ì‚¬,https://youtube.com/watch?v=EyI9dpThHQk
0,BE'O(ë¹„ì˜¤) - ë¬¸ë“ / ê°€ì‚¬,https://youtube.com/watch?v=rAI5epQCf9M
0,ê¸°ë¦¬ë³´ì´ - ê·¸ë¦¬ê³  ëŒì•„ì„°ë‹¤ [ Lyrics / ê°€ì‚¬ ],https://youtube.com/watch?v=3skKRHGzFuM
0,LISA - MONEY (Lyrics),https://youtube.com/watch?v=wYul-lCy400
0,[LYRICS/ê°€ì‚¬] SEVENTEEN (ì„¸ë¸í‹´) - I Can't Run Away (ê·¸ë¦¬ì›Œí•˜ëŠ” ê²ƒê¹Œì§€) [9th Mini Album 'Attacca'],https://youtube.com/watch?v=dSz865efo44
0,[LYRICS/ê°€ì‚¬] SEVENTEEN (ì„¸ë¸í‹´) - PANG! [9th Mini Album 'Attacca'],https://youtube.com/watch?v=EGB6IKiokdk
0,ê¸°ë¦¬ë³´ì´ - ì—‰ë§ì§„ì°½ [avante]ã…£Lyrics/ê°€ì‚¬,https://youtube.com/watch?v=H9KF4xIEJck
0,"ê¸°ë¦¬ë³´ì´ - ë‚´ì¼ì€ ì—†ë‹¤ (Feat. lIlBOI, nafla) [avante]ã…£Lyrics/ê°€ì‚¬",https://youtube.com/watch?v=-z1P2ok_irI
0,"BE'O(ë¹„ì˜¤) - BAD LOVE /ê°€ì‚¬,Lyrics, SMTM10",https://youtube.com/watch?v=f5EAdsSSLWU
0,"ì•„ë„Œë”œë¼ì´íŠ¸, ì–¸ì˜¤í”¼ì…œë³´ì´, ë¹„ì˜¤, ì§€êµ¬ì¸, ë¨¸ë“œ ë” ìŠ¤íŠœë˜íŠ¸ - ì‰¬ì–´ (Feat. MINO) (Prod. GRAY) [ì‡¼ë¯¸ë”ë¨¸ë‹ˆ 10 Episode 1]ã…£Lyrics/ê°€ì‚¬",https://youtube.com/watch?v=ym-j_lrF_yA
0,"sokodomo - íšŒì „ëª©ë§ˆ (Feat. Zion.T, ì›ìŠˆíƒ€ì¸) (Prod. Slom) [ì‡¼ë¯¸ë”ë¨¸ë‹ˆ 10 Episode 2]ã…£Lyrics/ê°€ì‚¬",https://youtube.com/watch?v=ZcGB8Yc_SlE
0,"ê°œì½”, ì•„ìš°ë¦´ê³ íŠ¸, SINCE, ì•ˆë³‘ì›…, Tabber, ì¡°ê´‘ì¼ - Wake Up (Prod. ì½”ë“œ ì¿¤ìŠ¤íŠ¸) [ì‡¼ë¯¸ë”ë¨¸ë‹ˆ 10 Episode 1]ã…£Lyrics/ê°€ì‚¬",https://youtube.com/watch?v=NHKn8Sny8xQ
0,BE'O (ë¹„ì˜¤) - ë¦¬ë¬´ì§„ (Feat. MINO) (Prod. GRAY) [ì‡¼ë¯¸ë”ë¨¸ë‹ˆ 10 Episode 3]ã…£Lyrics/ê°€ì‚¬,https://youtube.com/watch?v=3lwTql6YlSE
0,"Don Mills, Northfacegawd, ì†Œì½”ë„ëª¨, Khakii, ì—ì´ì²´ìŠ¤ - TROUBLE (Prod. Slom) [ì‡¼ë¯¸ë”ë¨¸ë‹ˆ 10 Episode 1]ã…£Lyrics/ê°€ì‚¬",https://youtube.com/watch?v=WRtpKVs2xg0
0,"ì—¼ë”°, TOIL, ì¿¤íƒ€, ë² ì´ì‹ (Basick), 365LIT, í™©ì§€ìƒ, ì†¡ë¯¼ì˜ - ë„ˆì™€ ë‚˜ì˜ Memories [ì‡¼ë¯¸ë”ë¨¸ë‹ˆ 10 Episode 1]ã…£Lyrics/ê°€ì‚¬",https://youtube.com/watch?v=4pC3ECeAjJE
0,ë² ì´ì‹ (Basick) - ë§Œë‚¨ì€ ì‰½ê³  ì´ë³„ì€ ì–´ë ¤ì›Œ (Feat. Leellamarz) (Prod. TOIL) [ì‡¼ë¯¸ë”ë¨¸ë‹ˆ 10 Episode 3]ã…£Lyrics/ê°€ì‚¬,https://youtube.com/watch?v=rY8_DRrQIvg
0,"ì¡°ê´‘ì¼, ê°œì½”, ì €ìŠ¤ë””ìŠ¤ (JUSTHIS) - ê°€ì‹œ (Prod. ì½”ë“œ ì¿¤ìŠ¤íŠ¸) [ì‡¼ë¯¸ë”ë¨¸ë‹ˆ 10 Episode 2]ã…£Lyrics/ê°€ì‚¬",https://youtube.com/watch?v=pKZ7RPTukH8
0,KoontaÂ ì¿¤íƒ€Â - GganbuÂ ê¹ë¶€Â (Feat. Yumdda & ASH ISLAND)Â Prod. TOIL ê°€ì‚¬ [Han|Rom|Eng] Lyrics,https://youtube.com/watch?v=_oaMH4NvC14
0,"ì´ì˜ì§€ - ë‚® ë°¤ (Feat. ë°•ì¬ë²” (Jay Park)) [ë‚® ë°¤]â”‚ê°€ì‚¬, Lyrics",https://youtube.com/watch?v=Tygqp-1cGl8
0,"SINCE, Tabber - Reset (Feat. ê°œì½”, Kid Milli) (Prod. ì½”ë“œ ì¿¤ìŠ¤íŠ¸) [ì‡¼ë¯¸ë”ë¨¸ë‹ˆ 10 Episode 3]ã…£Lyrics/ê°€ì‚¬",https://youtube.com/watch?v=aM_lox3VNac
0,"Mudd the student - ì´ë¼ (Feat. MINO, BOBBY) (Prod. MINO) [ì‡¼ë¯¸ë”ë¨¸ë‹ˆ 10 Episode 3]ã…£Lyrics/ê°€ì‚¬",https://youtube.com/watch?v=dAJLj5aCAw4
0,[ENG] [SMTM10/9íšŒ] â™¬ MBTI (Feat. ì¿ ê¸° & ë¡œê¼¬) - ë¹„ì˜¤ @ì„¸ë¯¸íŒŒì´ë„ | Mnet 211126 ë°©ì†¡,https://youtube.com/watch?v=Tv3FtmMWfPQ
0,Mudd the student - ë¶ˆí˜‘í™”ìŒ (Feat. AKMU) (Prod. GRAY) [ì‡¼ë¯¸ë”ë¨¸ë‹ˆ 10 Semi Final]ã…£Lyrics/ê°€ì‚¬,https://youtube.com/watch?v=gpnf5dR6SDg
0,"ì—¼ë”°, TOIL - To the Moon (Feat. UNEDUCATED KID) [To the Moon]ã…£Lyrics/ê°€ì‚¬",https://youtube.com/watch?v=u67jPpIYVr4
0,ì˜¤ë°˜(OVAN) - ì‚°ì±… | ê°€ì‚¬,https://youtube.com/watch?v=BqOjoEuaPbY
0,"ì¡°ê´‘ì¼ - í˜¸ìš°ì£¼ì˜ (Feat. ê°œì½”, ë„‰ì‚´ (Nucksal)) (Prod. ì½”ë“œ ì¿¤ìŠ¤íŠ¸) [ì‡¼ë¯¸ë”ë¨¸ë‹ˆ 10 Semi Final]ã…£Lyrics/ê°€ì‚¬",https://youtube.com/watch?v=sUOrV8Y9UZU
0,ê°œì½” - ë…¼í•´ (Feat. JUSTHIS) (Prod. CODE KUNST) [ë…¼í•´]ã…£Lyrics/ê°€ì‚¬,https://youtube.com/watch?v=2fUy9To-sLA
0,ì°½ëª¨ (CHANGMO) - ëª¨ë˜ì‹œê³„ [UNDERGROUND ROCKSTAR]ã…£Lyrics/ê°€ì‚¬,https://youtube.com/watch?v=6vhcgbPB1-Q
0,ì°½ëª¨ (CHANGMO) - Hyperstar [UNDERGROUND ROCKSTAR]ã…£Lyrics/ê°€ì‚¬,https://youtube.com/watch?v=VLF9mlE7iV4
0,"ë² ì´ì‹ (Basick) - 08ë² ì´ì‹ (Feat. ì—¼ë”°, punchnello) [ì‡¼ë¯¸ë”ë¨¸ë‹ˆ 10 Semi Final]ã…£Lyrics/ê°€ì‚¬",https://youtube.com/watch?v=tOb4AO0xXMM
0,"ì§€êµ¬ì¸, ì•„ë„Œë”œë¼ì´íŠ¸(Anandelight) - ìƒˆë¡œê³ ì¹¨ (Feat. GRAY) [ì‡¼ë¯¸ë”ë¨¸ë‹ˆ 10 Episode 3]ã…£Lyrics/ê°€ì‚¬",https://youtube.com/watch?v=25XA57cCces
0,ì°½ëª¨ (CHANGMO) - íƒœì§€ [UNDERGROUND ROCKSTAR]ã…£Lyrics/ê°€ì‚¬,https://youtube.com/watch?v=YMdiuSkKSbI
0,ì¿¤íƒ€ - ë°”ë˜ (Feat. ì •ì¸) (Prod. TOIL) [ì‡¼ë¯¸ë”ë¨¸ë‹ˆ 10 Semi Final]ã…£Lyrics/ê°€ì‚¬,https://youtube.com/watch?v=qLuwR4a1KjE
0,"í™€ë¦¬ë±… & ì‚¬ì´ë¨¼ ë„ë¯¸ë‹‰ & ë¡œê¼¬ - NO BREAK (Prod. by GooseBumps & ì‚¬ì´ë¨¼ ë„ë¯¸ë‹‰) [ìŠ¤íŠ¸ë¦¿ ìš°ë¨¼ íŒŒì´í„° (SWF) Special]â”‚ê°€ì‚¬, Lyrics]",https://youtube.com/watch?v=ys6oJdimtqw
0,Northfacegawd - ë³µë•ë°© .lyrics ê°€ì‚¬,https://youtube.com/watch?v=MLIBMpoWe0o
0,BE ! (Feat. Paloalto & lIlBOI) (Prod. by PEEJAY & Slom),https://youtube.com/watch?v=tKKk3jgjaMo
0,"ì—í”½í•˜ì´ (EPIK HIGH) - Face ID (Feat. ê¸°ë¦¬ë³´ì´, Sik-K, JUSTHIS) [Face ID]ã…£Lyrics/ê°€ì‚¬",https://youtube.com/watch?v=HVpXS_tSNlQ
0,BE'O - 'Counting Stars' (Feat. Beenzino) Lyrics [Color Coded_Han_Rom_Eng],https://youtube.com/watch?v=OA_cHdzbi74
0,BE'O (ë¹„ì˜¤) - ë„¤ê°€ ì—†ëŠ” ë°¤ (Feat. ASH ISLAND) (Prod. GRAY) [ì‡¼ë¯¸ë”ë¨¸ë‹ˆ 10 Final]ã…£Lyrics/ê°€ì‚¬,https://youtube.com/watch?v=9MZl5NDwaX8
0,MINO TANG!â™¡ Lyrics (ì†¡ë¯¼í˜¸ íƒ•!â™¡ ê°€ì‚¬) [Color Coded Lyrics/Han/Rom/Eng],https://youtube.com/watch?v=Cv_y2VhsZ5o
0,"SINCE - UPí•´ (Feat. ë°•ì¬ë²”, ìš°ì›ì¬) (Prod. ì½”ë“œ ì¿¤ìŠ¤íŠ¸) [ì‡¼ë¯¸ë”ë¨¸ë‹ˆ 10 Final]ã…£Lyrics/ê°€ì‚¬",https://youtube.com/watch?v=4_P0F3hqt2Q
0,ì¡°ê´‘ì¼ - ê°€ë¦¬ì˜¨ (Feat. ë‹¤ì´ë‚˜ë¯¹ ë“€ì˜¤) (Prod. Primary) [ì‡¼ë¯¸ë”ë¨¸ë‹ˆ 10 Final]ã…£Lyrics/ê°€ì‚¬,https://youtube.com/watch?v=5UQlTuopMd8
0,"SINCE - FACE TIME (Feat. ê¸°ë¦¬ë³´ì´, pH-1, ê°œì½”) (Prod. ì½”ë“œ ì¿¤ìŠ¤íŠ¸) [ì‡¼ë¯¸ë”ë¨¸ë‹ˆ 10 Semi Final]ã…£Lyrics/ê°€ì‚¬",https://youtube.com/watch?v=TMWdrFIJEeM
0,SINCE - SIGN (Feat. ë¯¸ë€ì´) (Prod. ì½”ë“œ ì¿¤ìŠ¤íŠ¸) [ì‡¼ë¯¸ë”ë¨¸ë‹ˆ 10 Final]ã…£Lyrics/ê°€ì‚¬,https://youtube.com/watch?v=NinYekGV-A0
0,BE'O (ë¹„ì˜¤) - ì§€ë‚˜ê³  ë³´ë©´ (Feat. í™”ì‚¬ & MINO) (Prod. GRAY) [ì‡¼ë¯¸ë”ë¨¸ë‹ˆ 10 Final]ã…£Lyrics/ê°€ì‚¬,https://youtube.com/watch?v=4HMcLAGrNAA
0,"ê¸°ë¦¬ë³´ì´ X ê¹€ìœ ì • - ë„ˆì˜ ë°¤,ë„ˆì˜ ë³„,ë„ˆì˜ ë‹¬ / ê°€ì‚¬",https://youtube.com/watch?v=NdIQHy79J6M
0,"ì¡°ê´‘ì¼ - ì¿ í‚¤ì˜ìƒ (Feat. ì—ì¼ë¦¬, í–‰ì£¼, ê°œì½”) (Prod. ì½”ë“œ ì¿¤ìŠ¤íŠ¸) [ì‡¼ë¯¸ë”ë¨¸ë‹ˆ 10 Final]ã…£Lyrics/ê°€ì‚¬",https://youtube.com/watch?v=BENnxMFcOhg
0,"ì¿¤íƒ€ - íƒ€ì´ë° (Feat. ì—¼ë”°, BIG Naughty) (Prod. TOIL) [ì‡¼ë¯¸ë”ë¨¸ë‹ˆ 10 Final]ã…£Lyrics/ê°€ì‚¬",https://youtube.com/watch?v=Mrn1osinelQ
0,ì•„ë„Œë”œë¼ì´íŠ¸(Anandelight) - ë†’ì´ (Feat. ì´í•˜ì´) (Prod. GRAY) [ì‡¼ë¯¸ë”ë¨¸ë‹ˆ 10 Semi Final]ã…£Lyrics/ê°€ì‚¬,https://youtube.com/watch?v=ryFP9A2IMJQ
0,ê¹€ì§„í‘œ(Feat.ê¹€ì§„í˜¸ of SGì›Œë„ˆë¹„)) - ë¡œë§¨í‹± ê²¨ìš¸ / ê°€ì‚¬,https://youtube.com/watch?v=URi2pT_frBI
0,"íŒ”ë¡œì•Œí† , ê¸°ë¦¬ë³´ì´, ë‹¤ì´ë‚˜ë¯¹ ë“€ì˜¤, ì €ìŠ¤ë””ìŠ¤, ë¦´ë³´ì´, DJ Wegun - +82 (Prod. ë‹¤ì´ë‚˜ë¯¹ ë“€ì˜¤, THAMA) [ì‡¼ë¯¸ë”ë¨¸ë‹ˆ 10 Final]ã…£Lyrics/ê°€ì‚¬",https://youtube.com/watch?v=ZbqMss56w44
0,"ì¿¤íƒ€ - Double Up (Feat. ì—¼ë”°, The Quiett, ë¨¸ì‰¬ë² ë†ˆ, ë˜ì›) [ì‡¼ë¯¸ë”ë¨¸ë‹ˆ 10 Final]ã…£Lyrics/ê°€ì‚¬",https://youtube.com/watch?v=bR34TumG-hI
0,í˜¸ë¯¸ë“¤ - GENERATION (Prod. Lean$moke) [ Lyrics / ê°€ì‚¬ ],https://youtube.com/watch?v=Pbu90HPZGzc
0,ë¦´ëŸ¬ë§ì¦ˆ (Leellamarz) - OUT OF MY SIGHT [VIOLINIST2]ã…£Lyrics/ê°€ì‚¬,https://youtube.com/watch?v=KRB77WI_N-Y
0,"ë² ì´ì‹, ì•„ë„Œë”œë¼ì´íŠ¸, ë¨¸ë“œ ë” ìŠ¤íŠœë˜íŠ¸, ì†Œì½”ë„ëª¨ - ê³ ìƒì´ ë§ì•„ (Feat. Zion.T) (Prod. Fisherman) [ì‡¼ë¯¸ë”ë¨¸ë‹ˆ 10 Final]ã…£Lyrics/ê°€ì‚¬",https://youtube.com/watch?v=Nukhf51hANM
0,ì¤ì—ì´(Joob A)-í•˜ë£¨ë¥¼ ì–´ë–»ê²Œ ì¨ì•¼ í•´(feat.í”„ë¦¬ë“  FREDEN) /ê°€ì‚¬ (Audio Lyrics),https://youtube.com/watch?v=SpNx9uv4GPg
0,"ê°œì½”, ì°½ëª¨, ë˜ë°€ìŠ¤, ë¡œìŠ¤(Los), DeVita, SOLE (ì ), SINCE, BE'O (ë¹„ì˜¤) - B.O.T.B. (Prod. GRAY)ã…£ê°€ì‚¬ã…£Lyrics",https://youtube.com/watch?v=8xNJRrB0o94
0,1ì‹œê°„[1 hour]/ì—í”½í•˜ì´ - 'Love Love Love (Feat. Yoong Jin of Casker)/ê´‘ê³ x/ê°€ì‚¬ìˆìŒ (Lyrics),https://youtube.com/watch?v=oMYXr6BQ7Iw
0,ë² ì´ì‹ (Basick) - 08ë² ì´ì‹ REMIX [Various Artists]ã…£Lyrics/ê°€ì‚¬,https://youtube.com/watch?v=OhnZvk2EKlc
0,í˜¸ë¯¸ë“¤ - BUSINESS MAN [ Lyrics / ê°€ì‚¬ ],https://youtube.com/watch?v=ReDBPkZxGj8
0,MC MONG ft JAMIE - Sick Enough to Die/ì£½ì„ë§Œí¼ ì•„íŒŒì„œ LYRICS (han/rom/eng),https://youtube.com/watch?v=affe7fptfJo
0,ê¸°ë¦¬ë³´ì´ - ëˆˆì´ ì˜¤ë˜ ë‚  (Feat. SOLE) [ëˆˆì´ ì˜¤ë˜ ë‚ ]ã…£Lyrics/ê°€ì‚¬,https://youtube.com/watch?v=TSeFwAx4QD8
0,"[Lyrics] ì´ì˜ì§€, ë˜ì› (Layone) - í”„ë¦¬ì§€ì•„, ì•„ë„¤ëª¨ë„¤ (ê½ƒë§)",https://youtube.com/watch?v=6RJB6jIC7o4
0,MCëª½ - Bubble Love (Feat. ì†”ë¼ of ë§ˆë§ˆë¬´) / ê°€ì‚¬,https://youtube.com/watch?v=aXFC4jmV16c
0,MC Mong & Soyou - 'Don't wake me up' lyrics (MC ëª½ & ì†Œìœ  - 'ê¹¨ìš°ì§€ë§ˆ' ê°€ì‚¬) (Color Coded lyrics),https://youtube.com/watch?v=sJnMt4ip1O4
0,MCëª½ - ì£½ë„ë¡ ì‚¬ë‘í•´ (Feat. ë°±ì•„ì—°) / ê°€ì‚¬,https://youtube.com/watch?v=NthBHo76d4U
0,"[Lyrics] ì´ì˜ì§€, ë˜ì› (Layone) - í”„ë¦¬ì§€ì•„, ì•„ë„¤ëª¨ë„¤ (ê½ƒë§)",https://youtube.com/watch?v=6RJB6jIC7o4
0,ë°•ì¬ë²” - To Life [ Lyrics / ê°€ì‚¬ ],https://youtube.com/watch?v=LkJ8hTgyZNQ
0,ìš°ì›ì¬ - Uniform (Feat. pH-1) [ Lyrics / ê°€ì‚¬ ],https://youtube.com/watch?v=V4r5Bs1vyJA
0,ì¿ ê¸° (Coogie)(Ft. BE'O) - Good Night (Prod. GRAY)  [RE:UP]ã…£Lyrics/ê°€ì‚¬,https://youtube.com/watch?v=ElIOCn3FWVo
0,MCëª½ - ì•„ì´ìŠ¤í¬ë¦¼ (Feat. ì¿ ì‰) / ê°€ì‚¬,https://youtube.com/watch?v=ebl6Bc8WUuQ
0,"ë¹ˆì²¸, ì˜¤ë°˜, ë°•ì¬ì •, í”¼ì•„ë…¸ë§¨, ì„ìˆ˜ - ëˆˆ (Prod. VAN.C) [Lyrics / ê°€ì‚¬]",https://youtube.com/watch?v=tFe1yHUDGV8
0,"í˜¸ë¯¸ë“¤(Chin, CK, Louie) - í•˜ë£¨ê°€ ë‹¬ë¦¬ (Prod. KIDSTONE)  [GENERATION]ã…£Lyrics/ê°€ì‚¬",https://youtube.com/watch?v=WUjV59oFjeQ
0,ASH ISLAND - Because Lyrics (Han/Rom/Eng),https://youtube.com/watch?v=7loiLO0H1i8
0,"ITZY ""WANNABE"" M/V @ITZY",https://youtube.com/watch?v=fE2h3lGlOsk
0,"TOIL - ê²€ì •ìƒ‰í•˜íŠ¸ (Feat. leellamarz, BEâ€²O) [Between Sat & Sun]ã…£Lyrics/ê°€ì‚¬",https://youtube.com/watch?v=4eDaAK6UfBo
0,Epik High - Gray So Gray ft. Younha Official Lyric MV,https://youtube.com/watch?v=qYFc7mGe268
0,NCT MARK Child Lyrics (ë§ˆí¬ Child ê°€ì‚¬) (Color Coded Lyrics),https://youtube.com/watch?v=7GyL4N8zxDY
0,"TOIL - ë‹¤ì‹œ ê±¸ì„ ë•Œ (Feat. í—¤ì´ì¦ˆ, BIG Naughty) [Between Sat & Sun]ã…£Lyrics/ê°€ì‚¬",https://youtube.com/watch?v=iuiOfvinp6E
0,ì¤ì—ì´ (Joob A) - ë°˜ë³µ (repeat) [Lyric Video],https://youtube.com/watch?v=4RsrkYb0bs0
0,ASH ISLAND (ì• ì‰¬ì•„ì¼ëœë“œ) - 24 | Color Coded Lyrics (Han/Rom/Eng),https://youtube.com/watch?v=S3GDmw0pBZk
0,TOIL - Me (Feat. Skinny Brown & Owen) (Lyrics) [HAN/ROM/ENG],https://youtube.com/watch?v=490gI5w7zus
0,ì›ìŠˆíƒ€ì¸(Wonstein) - ì¡´ì¬ë§Œìœ¼ë¡œ  / Kpop /OST /Lyrics / ê°€ì‚¬ / í•œê¸€,https://youtube.com/watch?v=aNNGsNDBjv8
0,(G)I-DLE 'MY BAG' Lyrics ((ì—¬ì)ì•„ì´ë“¤ MY BAG ê°€ì‚¬) (Color Coded Lyrics),https://youtube.com/watch?v=zFZE2d0MOYE
0,"TREASURE íŠ¸ë ˆì € "" DARARI (ë‹¤ë¼ë¦¬) "" Lyrics (ColorCoded/ENG/HAN/ROM/ê°€ì‚¬)",https://youtube.com/watch?v=E0Yie1JWgak
0,ì°½ëª¨ (CHANGMO) - ì´ë ‡ê²Œ ë‘˜ì´ [ì´ë ‡ê²Œ ë‘˜ì´]ã…£Lyrics/ê°€ì‚¬,https://youtube.com/watch?v=a7Zh4XeBZlU
0,í˜¸ë¯¸ë“¤ - BROKEN FERRARI [BROKEN FERRARI]ã…£Lyrics/ê°€ì‚¬,https://youtube.com/watch?v=qQDbaxFzFfo
0,ì°½ëª¨ (CHANGMO) - SMF (Prod. Czaer) [ìŠ¤íŠ¸ë¦¿ ë§¨ íŒŒì´í„° (SMF) Original Vol.1]ã…£Lyrics/ê°€ì‚¬,https://youtube.com/watch?v=XDgSWybkafM
0,ë””í•µ (D-Hack) - íˆ¬ëª…ì¸ê°„ì˜ ë…¸ë˜ (ìœ ì¼ë¬´ì´ ë¡œë§¨ìŠ¤ X ë””í•µ (D-Hack))/ê°€ì‚¬,https://youtube.com/watch?v=QmHaC7iCuIs
0,"ê¸°ë¦¬ë³´ì´ - ê¸¸ (Feat. ìµœì—˜ë¹„, BIG Naughty, Kvsh, ê¹€ìŠ¹ë¯¼, OLNL, í‚¤ë“œë°€ë¦¬, THAMA) [DEMOTAPE]ã…£Lyrics/ê°€ì‚¬",https://youtube.com/watch?v=uSB-cft15yQ
0,"â™ª. ë¹…ë±… (Big Band) - ë¶‰ì€ ë…¸ì„ [ê°€ì‚¬, Lyrics]",https://youtube.com/watch?v=_S1uqvuO43k
0,BE'O (ë¹„ì˜¤) - LOVE me [LOVE me]ã…£Lyrics/ê°€ì‚¬,https://youtube.com/watch?v=G0ofW1OOTrU
0,Jessi 'ZOOM' Lyrics (ì œì‹œ ZOOM ê°€ì‚¬) (Color Coded Lyrics),https://youtube.com/watch?v=aDEnerwR0JQ
0,NCT Dream 'Saturday Drip' Lyrics (Color Coded Lyrics),https://youtube.com/watch?v=95muzlcSrF4
0,"BIGBANG - ""Last Farewell (ë§ˆì§€ë§‰ ì¸ì‚¬)"" Lyrics [Color Coded Han/Rom/Eng]",https://youtube.com/watch?v=oRDCFQqKgsM
0,[HAN|ROM|ENG] BIGBANG - FXXK IT (ì—ë¼ ëª¨ë¥´ê² ë‹¤) (Color Coded Lyrics),https://youtube.com/watch?v=b1h-oaZ4e9k
0,BIGBANG â€“ BANG BANG BANG (ë±…ë±…ë±…) (Color Coded Han|Rom|Eng Lyrics),https://youtube.com/watch?v=UwbGi2nGFQg
0,G-dragon Crooked Lyrics [Han/Rom/Eng],https://youtube.com/watch?v=h5PpfloQSIU
0,BIGBANG - Loser (Color Coded Han|Rom|Eng Lyrics),https://youtube.com/watch?v=O6T7hTSuh0M
0,[STATION] TAEYONG x Wonstein - 'Love Theory' Lyrics [Color Coded_Han_Rom_Eng],https://youtube.com/watch?v=MEuG_p7V8EQ
0,BIGBANG â€“ BAE BAE (Color Coded Han|Rom|Eng Lyrics),https://youtube.com/watch?v=YBp-0d74q20
0,ì´ìƒê¸°í›„ - ê¸°ë¦¬ë³´ì´ /ê°€ì‚¬ | lyrics,https://youtube.com/watch?v=WlEwbjPjVv4
0,BIGBANG - We Like 2 Party (Color Coded Han|Rom|Eng Lyrics),https://youtube.com/watch?v=wRIs_ZVM7p4
0,PSY - 'You Move Me' (ê°ë™ì´ì•¼) [Feat Sung Si-Kyung] Lyrics [Color Coded_Han_Rom_Eng],https://youtube.com/watch?v=zxw8CG--u1o
0,ì„ì˜ì›… - A bientot | ê°€ì‚¬ (Synced Lyrics),https://youtube.com/watch?v=sZDDLUB8wQE
0,PSY - 'Sleepless' (ë°¤ì´ ê¹Šì—ˆë„¤) [Feat HEIZE] Lyrics [Color Coded_Han_Rom_Eng],https://youtube.com/watch?v=L0H4_IPgGbI
0,TXT Good Boy Gone Bad Lyrics (íˆ¬ëª¨ë¡œìš°ë°”ì´íˆ¬ê²Œë” Good Boy Gone Bad ê°€ì‚¬) (Color Coded Lyrics),https://youtube.com/watch?v=BSDHT1NIn5w
0,"ë¦´ëŸ¬ë§ì¦ˆ (Leellamarz), TOIL - ìê°€ê²©ë¦¬ (Feat. Paloalto) [ìê°€ê²©ë¦¬]ã…£Lyrics/ê°€ì‚¬",https://youtube.com/watch?v=QQdHGXEMXsI
0,PSY - 'GANJI'  [Feat Jessi] Lyrics [Color Coded_Han_Rom_Eng],https://youtube.com/watch?v=Z7Jou8HZ-Ss
0,PSY - It's Art (ì˜ˆìˆ ì´ì•¼) Lyric Video [Han/Rom/Eng],https://youtube.com/watch?v=JmMbKC-cU_0
0,PSY - 'Happier' [Feat Crush] Lyrics [Color Coded_Han_Rom_Eng],https://youtube.com/watch?v=67-2hgmwti8
0,PSY - 'Hello Monday' (ë‚˜ì˜ ì›”ìš”ì¼) Lyrics [Color Coded_Han_Rom_Eng],https://youtube.com/watch?v=EJ-_8h-XBJA
0,"ë¦´ëŸ¬ë§ì¦ˆ (Leellamarz), TOIL - í•˜ì§€ë§ˆ [TOYSTORY3]ã…£Lyrics/ê°€ì‚¬",https://youtube.com/watch?v=PoEcLBpbfTU
0,PSY - 'forEVER' [Feat TABLO] Lyrics [Color Coded_Han_Rom_Eng],https://youtube.com/watch?v=vj8moRBNjBs
0,"ë¦´ëŸ¬ë§ì¦ˆ (Leellamarz), TOIL - ëë‚˜ì§€ ì•Šì€ ì–˜ê¸° (Feat. ë‹¤ì´ë‚˜ë¯¹ ë“€ì˜¤) [TOYSTORY3]ã…£Lyrics/ê°€ì‚¬",https://youtube.com/watch?v=BAp0eCv18Gs
0,SEVENTEEN HOT Lyrics (ì„¸ë¸í‹´ HOT ê°€ì‚¬) (Color Coded Lyrics),https://youtube.com/watch?v=Ide2nawCz4Y
0,PSY (ì‹¸ì´) - Gangnam style (ê°•ë‚¨ìŠ¤íƒ€ì¼) ê°€ì‚¬ (korean lyrics),https://youtube.com/watch?v=grEGTES2dQg
0,ê¹€ìŠ¹ë¯¼ - ë‚´ ê¸°ì¨ì€ ë„ˆê°€ ë²¤í‹€ë¦¬ë¥¼ ë„ëŠ” ê±°ì•¼ã…£ê°€ì‚¬ã…£Lyrics,https://youtube.com/watch?v=nhpteF75kg8
